,Unnamed: 0,Area,Year,Item,Unit,Value,emissionperKGProduct,productionKG,totalCO2
31839,31839,Afghanistan,2015,Chicken,tonnes,24559.0,6.1,24559000.0,149809900.0
31899,31899,Albania,2015,Chicken,tonnes,12905.0,6.1,12905000.0,78720500.0
31959,31959,Algeria,2015,Chicken,tonnes,258696.0,6.1,258696000.0,1578045600.0
32019,32019,Angola,2015,Chicken,tonnes,39529.0,6.1,39529000.0,241126900.0
32079,32079,Antigua and Barbuda,2015,Chicken,tonnes,39.0,6.1,39000.0,237900.0
32139,32139,Argentina,2015,Chicken,tonnes,2093000.0,6.1,2093000000.0,12767300000.0
32168,32168,Armenia,2015,Chicken,tonnes,9500.0,6.1,9500000.0,57950000.0
32228,32228,Australia,2015,Chicken,tonnes,1115543.0,6.1,1115543000.0,6804812300.0
32288,32288,Austria,2015,Chicken,tonnes,116600.0,6.1,116600000.0,711260000.0
32317,32317,Azerbaijan,2015,Chicken,tonnes,97211.0,6.1,97211000.0,592987100.0
32377,32377,Bahamas,2015,Chicken,tonnes,6550.0,6.1,6550000.0,39955000.0
32437,32437,Bahrain,2015,Chicken,tonnes,19095.0,6.1,19095000.0,116479500.0
32497,32497,Bangladesh,2015,Chicken,tonnes,185500.0,6.1,185500000.0,1131550000.0
32557,32557,Barbados,2015,Chicken,tonnes,16134.0,6.1,16134000.0,98417400.0
32586,32586,Belarus,2015,Chicken,tonnes,442000.0,6.1,442000000.0,2696200000.0
32607,32607,Belgium,2015,Chicken,tonnes,444954.0,6.1,444954000.0,2714219400.0
32706,32706,Belize,2015,Chicken,tonnes,18495.0,6.1,18495000.0,112819500.0
32766,32766,Benin,2015,Chicken,tonnes,13245.0,6.1,13245000.0,80794500.0
32826,32826,Bhutan,2015,Chicken,tonnes,1063.0,6.1,1063000.0,6484300.0
32886,32886,Bolivia (Plurinational State of),2015,Chicken,tonnes,504214.0,6.1,504214000.0,3075705400.0
32915,32915,Bosnia and Herzegovina,2015,Chicken,tonnes,48704.0,6.1,48704000.0,297094400.0
32975,32975,Botswana,2015,Chicken,tonnes,3200.0,6.1,3200000.0,19520000.0
33035,33035,Brazil,2015,Chicken,tonnes,13149202.0,6.1,13149202000.0,80210132200.0
33095,33095,Brunei Darussalam,2015,Chicken,tonnes,23491.0,6.1,23491000.0,143295100.0
33155,33155,Bulgaria,2015,Chicken,tonnes,85032.0,6.1,85032000.0,518695200.0
33215,33215,Burkina Faso,2015,Chicken,tonnes,51483.0,6.1,51483000.0,314046300.0
33275,33275,Burundi,2015,Chicken,tonnes,6390.0,6.1,6390000.0,38979000.0
33335,33335,Cabo Verde,2015,Chicken,tonnes,980.0,6.1,980000.0,5978000.0
33395,33395,Cambodia,2015,Chicken,tonnes,16794.0,6.1,16794000.0,102443400.0
33455,33455,Cameroon,2015,Chicken,tonnes,77492.0,6.1,77492000.0,472701200.0
33515,33515,Canada,2015,Chicken,tonnes,1137070.0,6.1,1137070000.0,6936127000.0
33575,33575,Central African Republic,2015,Chicken,tonnes,5919.0,6.1,5919000.0,36105900.0
33635,33635,Chad,2015,Chicken,tonnes,6121.0,6.1,6121000.0,37338100.0
33695,33695,Chile,2015,Chicken,tonnes,607182.0,6.1,607182000.0,3703810200.0
33755,33755,China,2015,Chicken,tonnes,12636845.0,6.1,12636845000.0,77084754500.0
33815,33815,"China, Hong Kong SAR",2015,Chicken,tonnes,25348.0,6.1,25348000.0,154622800.0
33875,33875,"China, Macao SAR",2015,Chicken,tonnes,3424.0,6.1,3424000.0,20886400.0
33935,33935,"China, mainland",2015,Chicken,tonnes,12075000.0,6.1,12075000000.0,73657500000.0
33995,33995,"China, Taiwan Province of",2015,Chicken,tonnes,533073.0,6.1,533073000.0,3251745300.0
34055,34055,Colombia,2015,Chicken,tonnes,1424388.0,6.1,1424388000.0,8688766800.0
34115,34115,Comoros,2015,Chicken,tonnes,563.0,6.1,563000.0,3434300.0
34175,34175,Congo,2015,Chicken,tonnes,6495.0,6.1,6495000.0,39619500.0
34235,34235,Cook Islands,2015,Chicken,tonnes,19.0,6.1,19000.0,115900.0
34295,34295,Costa Rica,2015,Chicken,tonnes,124567.0,6.1,124567000.0,759858700.0
34355,34355,Côte d'Ivoire,2015,Chicken,tonnes,42951.0,6.1,42951000.0,262001100.0
34384,34384,Croatia,2015,Chicken,tonnes,52300.0,6.1,52300000.0,319030000.0
34444,34444,Cuba,2015,Chicken,tonnes,33462.0,6.1,33462000.0,204118200.0
34504,34504,Cyprus,2015,Chicken,tonnes,23734.0,6.1,23734000.0,144777400.0
34532,34532,Czechia,2015,Chicken,tonnes,146703.0,6.1,146703000.0,894888300.0
34624,34624,Democratic People's Republic of Korea,2015,Chicken,tonnes,29804.0,6.1,29804000.0,181804400.0
34684,34684,Democratic Republic of the Congo,2015,Chicken,tonnes,11132.0,6.1,11132000.0,67905200.0
34744,34744,Denmark,2015,Chicken,tonnes,145139.0,6.1,145139000.0,885347900.0
34804,34804,Dominica,2015,Chicken,tonnes,362.0,6.1,362000.0,2208200.0
34864,34864,Dominican Republic,2015,Chicken,tonnes,316385.0,6.1,316385000.0,1929948500.0
34924,34924,Ecuador,2015,Chicken,tonnes,338000.0,6.1,338000000.0,2061800000.0
34984,34984,Egypt,2015,Chicken,tonnes,1027603.0,6.1,1027603000.0,6268378300.0
35044,35044,El Salvador,2015,Chicken,tonnes,127273.0,6.1,127273000.0,776365300.0
35104,35104,Equatorial Guinea,2015,Chicken,tonnes,248.0,6.1,248000.0,1512800.0
35132,35132,Eritrea,2015,Chicken,tonnes,1509.0,6.1,1509000.0,9204900.0
35161,35161,Estonia,2015,Chicken,tonnes,19730.0,6.1,19730000.0,120353000.0
35221,35221,Eswatini,2015,Chicken,tonnes,6285.0,6.1,6285000.0,38338500.0
35249,35249,Ethiopia,2015,Chicken,tonnes,73272.0,6.1,73272000.0,446959200.0
35341,35341,Fiji,2015,Chicken,tonnes,23400.0,6.1,23400000.0,142740000.0
35401,35401,Finland,2015,Chicken,tonnes,109848.0,6.1,109848000.0,670072800.0
35461,35461,France,2015,Chicken,tonnes,1160040.0,6.1,1160040000.0,7076244000.0
35567,35567,French Polynesia,2015,Chicken,tonnes,607.0,6.1,607000.0,3702700.0
35627,35627,Gabon,2015,Chicken,tonnes,3943.0,6.1,3943000.0,24052300.0
35687,35687,Gambia,2015,Chicken,tonnes,1596.0,6.1,1596000.0,9735600.0
35716,35716,Georgia,2015,Chicken,tonnes,18400.0,6.1,18400000.0,112240000.0
35776,35776,Germany,2015,Chicken,tonnes,1027400.0,6.1,1027400000.0,6267140000.0
35836,35836,Ghana,2015,Chicken,tonnes,57276.0,6.1,57276000.0,349383600.0
35896,35896,Greece,2015,Chicken,tonnes,251893.0,6.1,251893000.0,1536547300.0
35956,35956,Grenada,2015,Chicken,tonnes,561.0,6.1,561000.0,3422100.0
36062,36062,Guatemala,2015,Chicken,tonnes,229155.0,6.1,229155000.0,1397845500.0
36122,36122,Guinea,2015,Chicken,tonnes,11103.0,6.1,11103000.0,67728300.0
36182,36182,Guinea-Bissau,2015,Chicken,tonnes,2715.0,6.1,2715000.0,16561499.999999998
36242,36242,Guyana,2015,Chicken,tonnes,30678.0,6.1,30678000.0,187135800.0
36302,36302,Haiti,2015,Chicken,tonnes,8458.0,6.1,8458000.0,51593800.0
36362,36362,Honduras,2015,Chicken,tonnes,174958.0,6.1,174958000.0,1067243800.0
36422,36422,Hungary,2015,Chicken,tonnes,313252.0,6.1,313252000.0,1910837200.0
36482,36482,Iceland,2015,Chicken,tonnes,8328.0,6.1,8328000.0,50800800.0
36542,36542,India,2015,Chicken,tonnes,3263810.0,6.1,3263810000.0,19909241000.0
36602,36602,Indonesia,2015,Chicken,tonnes,2030884.0,6.1,2030884000.0,12388392400.0
36662,36662,Iran (Islamic Republic of),2015,Chicken,tonnes,2061239.0,6.1,2061239000.0,12573557900.0
36722,36722,Iraq,2015,Chicken,tonnes,86000.0,6.1,86000000.0,524600000.0
36782,36782,Ireland,2015,Chicken,tonnes,88776.0,6.1,88776000.0,541533600.0
36842,36842,Israel,2015,Chicken,tonnes,497687.0,6.1,497687000.0,3035890700.0
36902,36902,Italy,2015,Chicken,tonnes,969179.0,6.1,969179000.0,5911991900.0
36962,36962,Jamaica,2015,Chicken,tonnes,112855.0,6.1,112855000.0,688415500.0
37022,37022,Japan,2015,Chicken,tonnes,2131974.0,6.1,2131974000.0,13005041400.0
37082,37082,Jordan,2015,Chicken,tonnes,181831.0,6.1,181831000.0,1109169100.0
37111,37111,Kazakhstan,2015,Chicken,tonnes,136924.0,6.1,136924000.0,835236400.0
37171,37171,Kenya,2015,Chicken,tonnes,42484.0,6.1,42484000.0,259152400.0
37231,37231,Kiribati,2015,Chicken,tonnes,847.0,6.1,847000.0,5166700.0
37291,37291,Kuwait,2015,Chicken,tonnes,53293.0,6.1,53293000.0,325087300.0
37320,37320,Kyrgyzstan,2015,Chicken,tonnes,7997.0,6.1,7997000.0,48781700.0
37380,37380,Lao People's Democratic Republic,2015,Chicken,tonnes,26465.0,6.1,26465000.0,161436500.0
37409,37409,Latvia,2015,Chicken,tonnes,29523.0,6.1,29523000.0,180090300.0
37469,37469,Lebanon,2015,Chicken,tonnes,108558.0,6.1,108558000.0,662203800.0
37529,37529,Lesotho,2015,Chicken,tonnes,1760.0,6.1,1760000.0,10736000.0
37589,37589,Liberia,2015,Chicken,tonnes,12528.0,6.1,12528000.0,76420800.0
37649,37649,Libya,2015,Chicken,tonnes,118858.0,6.1,118858000.0,725033800.0
37678,37678,Lithuania,2015,Chicken,tonnes,105377.0,6.1,105377000.0,642799700.0
37699,37699,Luxembourg,2015,Chicken,tonnes,255.0,6.1,255000.0,1555500.0
37759,37759,Madagascar,2015,Chicken,tonnes,44072.0,6.1,44072000.0,268839200.0
37819,37819,Malawi,2015,Chicken,tonnes,98973.0,6.1,98973000.0,603735300.0
37879,37879,Malaysia,2015,Chicken,tonnes,1511442.0,6.1,1511442000.0,9219796200.0
37939,37939,Mali,2015,Chicken,tonnes,43075.0,6.1,43075000.0,262757500.0
37999,37999,Malta,2015,Chicken,tonnes,3913.0,6.1,3913000.0,23869300.0
38105,38105,Mauritania,2015,Chicken,tonnes,3925.0,6.1,3925000.0,23942500.0
38165,38165,Mauritius,2015,Chicken,tonnes,46400.0,6.1,46400000.0,283040000.0
38225,38225,Mexico,2015,Chicken,tonnes,2962337.0,6.1,2962337000.0,18070255700.0
38255,38255,Micronesia (Federated States of),2015,Chicken,tonnes,159.0,6.1,159000.0,969900.0
38315,38315,Mongolia,2015,Chicken,tonnes,237.0,6.1,237000.0,1445700.0
38330,38330,Montenegro,2015,Chicken,tonnes,3355.0,6.1,3355000.0,20465500.0
38390,38390,Morocco,2015,Chicken,tonnes,660000.0,6.1,660000000.0,4026000000.0
38450,38450,Mozambique,2015,Chicken,tonnes,75161.0,6.1,75161000.0,458482100.0
38510,38510,Myanmar,2015,Chicken,tonnes,1505000.0,6.1,1505000000.0,9180500000.0
38570,38570,Namibia,2015,Chicken,tonnes,10015.0,6.1,10015000.0,61091500.0
38630,38630,Nauru,2015,Chicken,tonnes,4.0,6.1,4000.0,24400.0
38690,38690,Nepal,2015,Chicken,tonnes,45458.0,6.1,45458000.0,277293800.0
38750,38750,Netherlands,2015,Chicken,tonnes,985710.0,6.1,985710000.0,6012831000.0
38810,38810,New Caledonia,2015,Chicken,tonnes,1035.0,6.1,1035000.0,6313500.0
38870,38870,New Zealand,2015,Chicken,tonnes,190621.0,6.1,190621000.0,1162788100.0
38930,38930,Nicaragua,2015,Chicken,tonnes,128927.0,6.1,128927000.0,786454700.0
38990,38990,Niger,2015,Chicken,tonnes,17643.0,6.1,17643000.0,107622300.0
39050,39050,Nigeria,2015,Chicken,tonnes,204416.0,6.1,204416000.0,1246937600.0
39110,39110,Niue,2015,Chicken,tonnes,23.0,6.1,23000.0,140300.0
39139,39139,North Macedonia,2015,Chicken,tonnes,1729.0,6.1,1729000.0,10546900.0
39199,39199,Norway,2015,Chicken,tonnes,80869.0,6.1,80869000.0,493300900.0
39259,39259,Oman,2015,Chicken,tonnes,6397.0,6.1,6397000.0,39021700.0
39319,39319,Pakistan,2015,Chicken,tonnes,1074000.0,6.1,1074000000.0,6551400000.0
39349,39349,Palestine,2015,Chicken,tonnes,36249.0,6.1,36249000.0,221118900.0
39409,39409,Panama,2015,Chicken,tonnes,179886.0,6.1,179886000.0,1097304600.0
39469,39469,Papua New Guinea,2015,Chicken,tonnes,6312.0,6.1,6312000.0,38503200.0
39529,39529,Paraguay,2015,Chicken,tonnes,61600.0,6.1,61600000.0,375760000.0
39589,39589,Peru,2015,Chicken,tonnes,1329855.0,6.1,1329855000.0,8112115500.0
39649,39649,Philippines,2015,Chicken,tonnes,1185914.0,6.1,1185914000.0,7234075400.0
39709,39709,Poland,2015,Chicken,tonnes,1465639.0,6.1,1465639000.0,8940397900.0
39769,39769,Portugal,2015,Chicken,tonnes,288387.0,6.1,288387000.0,1759160700.0
39829,39829,Puerto Rico,2015,Chicken,tonnes,33505.0,6.1,33505000.0,204380500.0
39889,39889,Qatar,2015,Chicken,tonnes,8527.0,6.1,8527000.0,52014700.0
39949,39949,Republic of Korea,2015,Chicken,tonnes,790000.0,6.1,790000000.0,4819000000.0
39978,39978,Republic of Moldova,2015,Chicken,tonnes,47049.0,6.1,47049000.0,286998900.0
40084,40084,Romania,2015,Chicken,tonnes,410783.0,6.1,410783000.0,2505776300.0
40112,40112,Russian Federation,2015,Chicken,tonnes,4087556.0,6.1,4087556000.0,24934091600.0
40172,40172,Rwanda,2015,Chicken,tonnes,16629.0,6.1,16629000.0,101436900.0
40232,40232,Saint Kitts and Nevis,2015,Chicken,tonnes,78.0,6.1,78000.0,475800.0
40292,40292,Saint Lucia,2015,Chicken,tonnes,1450.0,6.1,1450000.0,8845000.0
40352,40352,Saint Vincent and the Grenadines,2015,Chicken,tonnes,452.0,6.1,452000.0,2757200.0
40412,40412,Samoa,2015,Chicken,tonnes,485.0,6.1,485000.0,2958500.0
40472,40472,Sao Tome and Principe,2015,Chicken,tonnes,551.0,6.1,551000.0,3361100.0
40532,40532,Saudi Arabia,2015,Chicken,tonnes,550000.0,6.1,550000000.0,3355000000.0
40592,40592,Senegal,2015,Chicken,tonnes,76345.0,6.1,76345000.0,465704500.0
40607,40607,Serbia,2015,Chicken,tonnes,76243.0,6.1,76243000.0,465082300.0
40681,40681,Seychelles,2015,Chicken,tonnes,497.0,6.1,497000.0,3031700.0
40741,40741,Sierra Leone,2015,Chicken,tonnes,15300.0,6.1,15300000.0,93330000.0
40801,40801,Singapore,2015,Chicken,tonnes,77680.0,6.1,77680000.0,473848000.0
40829,40829,Slovakia,2015,Chicken,tonnes,57095.0,6.1,57095000.0,348279500.0
40857,40857,Slovenia,2015,Chicken,tonnes,53939.0,6.1,53939000.0,329027900.0
40917,40917,Solomon Islands,2015,Chicken,tonnes,282.0,6.1,282000.0,1720200.0
40977,40977,Somalia,2015,Chicken,tonnes,3787.0,6.1,3787000.0,23100700.0
41037,41037,South Africa,2015,Chicken,tonnes,1727000.0,6.1,1727000000.0,10534700000.0
41046,41046,South Sudan,2015,Chicken,tonnes,19989.0,6.1,19989000.0,121932900.0
41106,41106,Spain,2015,Chicken,tonnes,1203022.0,6.1,1203022000.0,7338434200.0
41166,41166,Sri Lanka,2015,Chicken,tonnes,164450.0,6.1,164450000.0,1003145000.0
41175,41175,Sudan,2015,Chicken,tonnes,60000.0,6.1,60000000.0,366000000.0
41286,41286,Suriname,2015,Chicken,tonnes,8876.0,6.1,8876000.0,54143600.0
41346,41346,Sweden,2015,Chicken,tonnes,145780.0,6.1,145780000.0,889258000.0
41406,41406,Switzerland,2015,Chicken,tonnes,85489.0,6.1,85489000.0,521482900.0
41466,41466,Syrian Arab Republic,2015,Chicken,tonnes,99000.0,6.1,99000000.0,603900000.0
41495,41495,Tajikistan,2015,Chicken,tonnes,1600.0,6.1,1600000.0,9760000.0
41555,41555,Thailand,2015,Chicken,tonnes,1629034.0,6.1,1629034000.0,9937107400.0
41615,41615,Timor-Leste,2015,Chicken,tonnes,922.0,6.1,922000.0,5624200.0
41675,41675,Togo,2015,Chicken,tonnes,34521.0,6.1,34521000.0,210578100.0
41735,41735,Tokelau,2015,Chicken,tonnes,5.0,6.1,5000.0,30500.0
41795,41795,Tonga,2015,Chicken,tonnes,289.0,6.1,289000.0,1762900.0
41855,41855,Trinidad and Tobago,2015,Chicken,tonnes,48562.0,6.1,48562000.0,296228200.0
41915,41915,Tunisia,2015,Chicken,tonnes,150000.0,6.1,150000000.0,915000000.0
41975,41975,Türkiye,2015,Chicken,tonnes,1909276.0,6.1,1909276000.0,11646583600.0
42004,42004,Turkmenistan,2015,Chicken,tonnes,20551.0,6.1,20551000.0,125361100.0
42064,42064,Tuvalu,2015,Chicken,tonnes,58.0,6.1,58000.0,353800.0
42124,42124,Uganda,2015,Chicken,tonnes,59408.0,6.1,59408000.0,362388800.0
42153,42153,Ukraine,2015,Chicken,tonnes,1143700.0,6.1,1143700000.0,6976570000.0
42213,42213,United Arab Emirates,2015,Chicken,tonnes,52863.0,6.1,52863000.0,322464300.0
42273,42273,United Kingdom of Great Britain and Northern Ireland,2015,Chicken,tonnes,1521000.0,6.1,1521000000.0,9278100000.0
42333,42333,United Republic of Tanzania,2015,Chicken,tonnes,99540.0,6.1,99540000.0,607194000.0
42393,42393,United States of America,2015,Chicken,tonnes,18402753.0,6.1,18402753000.0,112256793300.0
42453,42453,Uruguay,2015,Chicken,tonnes,36000.0,6.1,36000000.0,219600000.0
42513,42513,Uzbekistan,2015,Chicken,tonnes,52000.0,6.1,52000000.0,317200000.0
42573,42573,Vanuatu,2015,Chicken,tonnes,859.0,6.1,859000.0,5239900.0
42633,42633,Venezuela (Bolivarian Republic of),2015,Chicken,tonnes,815860.0,6.1,815860000.0,4976746000.0
42693,42693,Viet Nam,2015,Chicken,tonnes,700873.0,6.1,700873000.0,4275325300.0
42753,42753,Yemen,2015,Chicken,tonnes,176763.0,6.1,176763000.0,1078254300.0
42844,42844,Zambia,2015,Chicken,tonnes,46468.0,6.1,46468000.0,283454800.0
42904,42904,Zimbabwe,2015,Chicken,tonnes,60950.0,6.1,60950000.0,371795000.0
42964,42964,World,2015,Chicken,tonnes,103773808.0,6.1,103773808000.0,633020228800.0
43024,43024,Africa,2015,Chicken,tonnes,5460041.0,6.1,5460041000.0,33306250100.0
43084,43084,Eastern Africa,2015,Chicken,tonnes,696092.0,6.1,696092000.0,4246161200.0
43144,43144,Middle Africa,2015,Chicken,tonnes,151430.0,6.1,151430000.0,923723000.0
43204,43204,Northern Africa,2015,Chicken,tonnes,2275157.0,6.1,2275157000.0,13878457700.0
43264,43264,Southern Africa,2015,Chicken,tonnes,1748260.0,6.1,1748260000.0,10664386000.0
43324,43324,Western Africa,2015,Chicken,tonnes,589102.0,6.1,589102000.0,3593522200.0
43384,43384,Americas,2015,Chicken,tonnes,44463129.0,6.1,44463129000.0,271225086900.0
43444,43444,Northern America,2015,Chicken,tonnes,19539823.0,6.1,19539823000.0,119192920300.0
43504,43504,Central America,2015,Chicken,tonnes,3945598.0,6.1,3945598000.0,24068147800.0
43564,43564,Caribbean,2015,Chicken,tonnes,578853.0,6.1,578853000.0,3531003300.0
43624,43624,South America,2015,Chicken,tonnes,20398855.0,6.1,20398855000.0,124433015500.0
43684,43684,Asia,2015,Chicken,tonnes,35270894.0,6.1,35270894000.0,215152453400.0
43713,43713,Central Asia,2015,Chicken,tonnes,219072.0,6.1,219072000.0,1336339200.0
43773,43773,Eastern Asia,2015,Chicken,tonnes,15588860.0,6.1,15588860000.0,95092046000.0
43833,43833,Southern Asia,2015,Chicken,tonnes,6820079.0,6.1,6820079000.0,41602481900.0
43893,43893,South-eastern Asia,2015,Chicken,tonnes,8708499.0,6.1,8708499000.0,53121843900.0
43953,43953,Western Asia,2015,Chicken,tonnes,3934384.0,6.1,3934384000.0,23999742400.0
44013,44013,Europe,2015,Chicken,tonnes,17239196.0,6.1,17239196000.0,105159095600.0
44073,44073,Eastern Europe,2015,Chicken,tonnes,8198809.0,6.1,8198809000.0,50012734900.0
44133,44133,Northern Europe,2015,Chicken,tonnes,2254370.0,6.1,2254370000.0,13751657000.0
44193,44193,Southern Europe,2015,Chicken,tonnes,2965569.0,6.1,2965569000.0,18089970900.0
44253,44253,Western Europe,2015,Chicken,tonnes,3820448.0,6.1,3820448000.0,23304732800.0
44313,44313,Oceania,2015,Chicken,tonnes,1340548.0,6.1,1340548000.0,8177342800.0
44373,44373,Australia and New Zealand,2015,Chicken,tonnes,1306164.0,6.1,1306164000.0,7967600400.0
44433,44433,Melanesia,2015,Chicken,tonnes,31888.0,6.1,31888000.0,194516800.0
44493,44493,Micronesia,2015,Chicken,tonnes,1010.0,6.1,1010000.0,6161000.0
44553,44553,Polynesia,2015,Chicken,tonnes,1486.0,6.1,1486000.0,9064600.0
44613,44613,European Union (27),2015,Chicken,tonnes,9704003.0,6.1,9704003000.0,59194418300.0
44673,44673,Least Developed Countries,2015,Chicken,tonnes,2947280.0,6.1,2947280000.0,17978408000.0
44733,44733,Land Locked Developing Countries,2015,Chicken,tonnes,1555722.0,6.1,1555722000.0,9489904200.0
44793,44793,Small Island Developing States,2015,Chicken,tonnes,820684.0,6.1,820684000.0,5006172400.0
44853,44853,Low Income Food Deficit Countries,2015,Chicken,tonnes,5880934.0,6.1,5880934000.0,35873697400.0
44913,44913,Net Food Importing Developing Countries,2015,Chicken,tonnes,9338965.0,6.1,9338965000.0,56967686500.0
44973,44973,Afghanistan,2015,Goat,tonnes,47794.0,23.5,47794000.0,1123159000.0
45033,45033,Albania,2015,Goat,tonnes,9713.0,23.5,9713000.0,228255500.0
45093,45093,Algeria,2015,Goat,tonnes,19052.0,23.5,19052000.0,447722000.0
45153,45153,Angola,2015,Goat,tonnes,19289.0,23.5,19289000.0,453291500.0
45213,45213,Antigua and Barbuda,2015,Goat,tonnes,10.0,23.5,10000.0,235000.0
45273,45273,Argentina,2015,Goat,tonnes,8506.0,23.5,8506000.0,199891000.0
45302,45302,Armenia,2015,Goat,tonnes,47.0,23.5,47000.0,1104500.0
45362,45362,Australia,2015,Goat,tonnes,32285.0,23.5,32285000.0,758697500.0
45422,45422,Austria,2015,Goat,tonnes,647.0,23.5,647000.0,15204500.0
45482,45482,Bahamas,2015,Goat,tonnes,72.0,23.5,72000.0,1692000.0
45542,45542,Bahrain,2015,Goat,tonnes,212.0,23.5,212000.0,4982000.0
45602,45602,Bangladesh,2015,Goat,tonnes,207900.0,23.5,207900000.0,4885650000.0
45662,45662,Barbados,2015,Goat,tonnes,29.0,23.5,29000.0,681500.0
45683,45683,Belgium,2015,Goat,tonnes,194.0,23.5,194000.0,4559000.0
45743,45743,Belize,2015,Goat,tonnes,1.0,23.5,1000.0,23500.0
45803,45803,Benin,2015,Goat,tonnes,5649.0,23.5,5649000.0,132751500.0
45863,45863,Bhutan,2015,Goat,tonnes,170.0,23.5,170000.0,3995000.0
45923,45923,Bolivia (Plurinational State of),2015,Goat,tonnes,5852.0,23.5,5852000.0,137522000.0
45952,45952,Bosnia and Herzegovina,2015,Goat,tonnes,,23.5,,
46011,46011,Botswana,2015,Goat,tonnes,4000.0,23.5,4000000.0,94000000.0
46071,46071,Brazil,2015,Goat,tonnes,31167.0,23.5,31167000.0,732424500.0
46131,46131,Brunei Darussalam,2015,Goat,tonnes,28.0,23.5,28000.0,658000.0
46191,46191,Bulgaria,2015,Goat,tonnes,1770.0,23.5,1770000.0,41595000.0
46251,46251,Burkina Faso,2015,Goat,tonnes,33457.0,23.5,33457000.0,786239500.0
46311,46311,Burundi,2015,Goat,tonnes,4447.0,23.5,4447000.0,104504500.0
46371,46371,Cabo Verde,2015,Goat,tonnes,902.0,23.5,902000.0,21197000.0
46431,46431,Cameroon,2015,Goat,tonnes,16988.0,23.5,16988000.0,399218000.0
46491,46491,Central African Republic,2015,Goat,tonnes,21429.0,23.5,21429000.0,503581500.0
46551,46551,Chad,2015,Goat,tonnes,99840.0,23.5,99840000.0,2346240000.0
46611,46611,Chile,2015,Goat,tonnes,5147.0,23.5,5147000.0,120954500.0
46671,46671,China,2015,Goat,tonnes,2157749.0,23.5,2157749000.0,50707101500.0
46731,46731,"China, Hong Kong SAR",2015,Goat,tonnes,108.0,23.5,108000.0,2538000.0
46788,46788,"China, Macao SAR",2015,Goat,tonnes,24.0,23.5,24000.0,564000.0
46848,46848,"China, mainland",2015,Goat,tonnes,2155657.0,23.5,2155657000.0,50657939500.0
46908,46908,"China, Taiwan Province of",2015,Goat,tonnes,1960.0,23.5,1960000.0,46060000.0
46968,46968,Colombia,2015,Goat,tonnes,314.0,23.5,314000.0,7379000.0
47028,47028,Comoros,2015,Goat,tonnes,382.0,23.5,382000.0,8977000.0
47088,47088,Congo,2015,Goat,tonnes,1045.0,23.5,1045000.0,24557500.0
47148,47148,Cook Islands,2015,Goat,tonnes,2.0,23.5,2000.0,47000.0
47208,47208,Costa Rica,2015,Goat,tonnes,19.0,23.5,19000.0,446500.0
47268,47268,Côte d'Ivoire,2015,Goat,tonnes,4233.0,23.5,4233000.0,99475500.0
47297,47297,Croatia,2015,Goat,tonnes,600.0,23.5,600000.0,14100000.0
47357,47357,Cuba,2015,Goat,tonnes,2650.0,23.5,2650000.0,62275000.0
47417,47417,Cyprus,2015,Goat,tonnes,2061.0,23.5,2061000.0,48433500.0
47445,47445,Czechia,2015,Goat,tonnes,246.0,23.5,246000.0,5781000.0
47537,47537,Democratic People's Republic of Korea,2015,Goat,tonnes,14136.0,23.5,14136000.0,332196000.0
47597,47597,Democratic Republic of the Congo,2015,Goat,tonnes,18209.0,23.5,18209000.0,427911500.0
47660,47660,Djibouti,2015,Goat,tonnes,2313.0,23.5,2313000.0,54355500.0
47720,47720,Dominica,2015,Goat,tonnes,41.0,23.5,41000.0,963500.0
47780,47780,Dominican Republic,2015,Goat,tonnes,948.0,23.5,948000.0,22278000.0
47840,47840,Ecuador,2015,Goat,tonnes,320.0,23.5,320000.0,7520000.0
47900,47900,Egypt,2015,Goat,tonnes,50944.0,23.5,50944000.0,1197184000.0
47960,47960,El Salvador,2015,Goat,tonnes,87.0,23.5,87000.0,2044500.0
48020,48020,Equatorial Guinea,2015,Goat,tonnes,48.0,23.5,48000.0,1128000.0
48048,48048,Eritrea,2015,Goat,tonnes,6219.0,23.5,6219000.0,146146500.0
48077,48077,Estonia,2015,Goat,tonnes,16.0,23.5,16000.0,376000.0
48137,48137,Eswatini,2015,Goat,tonnes,1747.0,23.5,1747000.0,41054500.0
48165,48165,Ethiopia,2015,Goat,tonnes,84984.0,23.5,84984000.0,1997124000.0
48257,48257,Fiji,2015,Goat,tonnes,84.0,23.5,84000.0,1974000.0
48287,48287,Finland,2015,Goat,tonnes,,23.5,,
48347,48347,France,2015,Goat,tonnes,12172.0,23.5,12172000.0,286042000.0
48453,48453,French Polynesia,2015,Goat,tonnes,72.0,23.5,72000.0,1692000.0
48513,48513,Gabon,2015,Goat,tonnes,326.0,23.5,326000.0,7661000.0
48573,48573,Gambia,2015,Goat,tonnes,986.0,23.5,986000.0,23171000.0
48602,48602,Georgia,2015,Goat,tonnes,20.0,23.5,20000.0,470000.0
48662,48662,Germany,2015,Goat,tonnes,440.0,23.5,440000.0,10340000.0
48722,48722,Ghana,2015,Goat,tonnes,24774.0,23.5,24774000.0,582189000.0
48782,48782,Greece,2015,Goat,tonnes,25854.0,23.5,25854000.0,607569000.0
48842,48842,Grenada,2015,Goat,tonnes,29.0,23.5,29000.0,681500.0
48948,48948,Guatemala,2015,Goat,tonnes,240.0,23.5,240000.0,5640000.0
49008,49008,Guinea,2015,Goat,tonnes,12477.0,23.5,12477000.0,293209500.0
49068,49068,Guinea-Bissau,2015,Goat,tonnes,1136.0,23.5,1136000.0,26696000.0
49128,49128,Guyana,2015,Goat,tonnes,272.0,23.5,272000.0,6392000.0
49188,49188,Haiti,2015,Goat,tonnes,6410.0,23.5,6410000.0,150635000.0
49248,49248,Honduras,2015,Goat,tonnes,155.0,23.5,155000.0,3642500.0
49308,49308,Hungary,2015,Goat,tonnes,187.0,23.5,187000.0,4394500.0
49368,49368,India,2015,Goat,tonnes,521459.0,23.5,521459000.0,12254286500.0
49428,49428,Indonesia,2015,Goat,tonnes,64948.0,23.5,64948000.0,1526278000.0
49488,49488,Iran (Islamic Republic of),2015,Goat,tonnes,68632.0,23.5,68632000.0,1612852000.0
49548,49548,Iraq,2015,Goat,tonnes,10050.0,23.5,10050000.0,236175000.0
49611,49611,Israel,2015,Goat,tonnes,4179.0,23.5,4179000.0,98206500.0
49671,49671,Italy,2015,Goat,tonnes,1808.0,23.5,1808000.0,42488000.0
49731,49731,Jamaica,2015,Goat,tonnes,888.0,23.5,888000.0,20868000.0
49791,49791,Japan,2015,Goat,tonnes,46.0,23.5,46000.0,1081000.0
49851,49851,Jordan,2015,Goat,tonnes,5867.0,23.5,5867000.0,137874500.0
49880,49880,Kazakhstan,2015,Goat,tonnes,20962.0,23.5,20962000.0,492607000.0
49940,49940,Kenya,2015,Goat,tonnes,68016.0,23.5,68016000.0,1598376000.0
50000,50000,Kuwait,2015,Goat,tonnes,1127.0,23.5,1127000.0,26484500.0
50029,50029,Kyrgyzstan,2015,Goat,tonnes,10000.0,23.5,10000000.0,235000000.0
50089,50089,Lao People's Democratic Republic,2015,Goat,tonnes,2141.0,23.5,2141000.0,50313500.0
50152,50152,Lebanon,2015,Goat,tonnes,3267.0,23.5,3267000.0,76774500.0
50212,50212,Lesotho,2015,Goat,tonnes,356.0,23.5,356000.0,8366000.0
50272,50272,Liberia,2015,Goat,tonnes,1040.0,23.5,1040000.0,24440000.0
50332,50332,Libya,2015,Goat,tonnes,12348.0,23.5,12348000.0,290178000.0
50361,50361,Lithuania,2015,Goat,tonnes,100.0,23.5,100000.0,2350000.0
50382,50382,Luxembourg,2015,Goat,tonnes,9.0,23.5,9000.0,211500.0
50442,50442,Madagascar,2015,Goat,tonnes,3629.0,23.5,3629000.0,85281500.0
50502,50502,Malawi,2015,Goat,tonnes,39817.0,23.5,39817000.0,935699500.0
50562,50562,Malaysia,2015,Goat,tonnes,2930.0,23.5,2930000.0,68855000.0
50622,50622,Mali,2015,Goat,tonnes,6655.0,23.5,6655000.0,156392500.0
50682,50682,Malta,2015,Goat,tonnes,34.0,23.5,34000.0,799000.0
50788,50788,Mauritania,2015,Goat,tonnes,18555.0,23.5,18555000.0,436042500.0
50848,50848,Mauritius,2015,Goat,tonnes,71.0,23.5,71000.0,1668500.0
50908,50908,Mexico,2015,Goat,tonnes,39390.0,23.5,39390000.0,925665000.0
50938,50938,Micronesia (Federated States of),2015,Goat,tonnes,13.0,23.5,13000.0,305500.0
50998,50998,Mongolia,2015,Goat,tonnes,86356.0,23.5,86356000.0,2029366000.0
51013,51013,Montenegro,2015,Goat,tonnes,97.0,23.5,97000.0,2279500.0
51073,51073,Morocco,2015,Goat,tonnes,28437.0,23.5,28437000.0,668269500.0
51133,51133,Mozambique,2015,Goat,tonnes,1361.0,23.5,1361000.0,31983500.0
51193,51193,Myanmar,2015,Goat,tonnes,77000.0,23.5,77000000.0,1809500000.0
51253,51253,Namibia,2015,Goat,tonnes,3594.0,23.5,3594000.0,84459000.0
51313,51313,Nepal,2015,Goat,tonnes,60906.0,23.5,60906000.0,1431291000.0
51373,51373,Netherlands,2015,Goat,tonnes,1470.0,23.5,1470000.0,34545000.0
51433,51433,New Caledonia,2015,Goat,tonnes,9.0,23.5,9000.0,211500.0
51493,51493,New Zealand,2015,Goat,tonnes,1255.0,23.5,1255000.0,29492500.0
51553,51553,Nicaragua,2015,Goat,tonnes,35.0,23.5,35000.0,822500.0
51613,51613,Niger,2015,Goat,tonnes,24947.0,23.5,24947000.0,586254500.0
51673,51673,Nigeria,2015,Goat,tonnes,250699.0,23.5,250699000.0,5891426500.0
51733,51733,Norway,2015,Goat,tonnes,289.0,23.5,289000.0,6791500.0
51793,51793,Oman,2015,Goat,tonnes,11640.0,23.5,11640000.0,273540000.0
51853,51853,Pakistan,2015,Goat,tonnes,317000.0,23.5,317000000.0,7449500000.0
51883,51883,Palestine,2015,Goat,tonnes,4185.0,23.5,4185000.0,98347500.0
51943,51943,Papua New Guinea,2015,Goat,tonnes,10.0,23.5,10000.0,235000.0
52003,52003,Paraguay,2015,Goat,tonnes,1062.0,23.5,1062000.0,24957000.0
52063,52063,Peru,2015,Goat,tonnes,5901.0,23.5,5901000.0,138673500.0
52123,52123,Philippines,2015,Goat,tonnes,56705.0,23.5,56705000.0,1332567500.0
52153,52153,Poland,2015,Goat,tonnes,,23.5,,
52213,52213,Portugal,2015,Goat,tonnes,1221.0,23.5,1221000.0,28693500.0
52273,52273,Puerto Rico,2015,Goat,tonnes,11.0,23.5,11000.0,258500.0
52333,52333,Qatar,2015,Goat,tonnes,3402.0,23.5,3402000.0,79947000.0
52393,52393,Republic of Korea,2015,Goat,tonnes,1666.0,23.5,1666000.0,39151000.0
52499,52499,Romania,2015,Goat,tonnes,8641.0,23.5,8641000.0,203063500.0
52528,52528,Russian Federation,2015,Goat,tonnes,17651.0,23.5,17651000.0,414798500.0
52588,52588,Rwanda,2015,Goat,tonnes,19356.0,23.5,19356000.0,454866000.0
52648,52648,Saint Kitts and Nevis,2015,Goat,tonnes,6.0,23.5,6000.0,141000.0
52708,52708,Saint Lucia,2015,Goat,tonnes,70.0,23.5,70000.0,1645000.0
52768,52768,Saint Vincent and the Grenadines,2015,Goat,tonnes,33.0,23.5,33000.0,775500.0
52828,52828,Sao Tome and Principe,2015,Goat,tonnes,11.0,23.5,11000.0,258500.0
52888,52888,Saudi Arabia,2015,Goat,tonnes,29851.0,23.5,29851000.0,701498500.0
52948,52948,Senegal,2015,Goat,tonnes,18052.0,23.5,18052000.0,424222000.0
52963,52963,Serbia,2015,Goat,tonnes,3701.0,23.5,3701000.0,86973500.0
53037,53037,Seychelles,2015,Goat,tonnes,21.0,23.5,21000.0,493500.0
53097,53097,Sierra Leone,2015,Goat,tonnes,1911.0,23.5,1911000.0,44908500.0
53157,53157,Singapore,2015,Goat,tonnes,11.0,23.5,11000.0,258500.0
53185,53185,Slovakia,2015,Goat,tonnes,261.0,23.5,261000.0,6133500.0
53214,53214,Slovenia,2015,Goat,tonnes,305.0,23.5,305000.0,7167500.0
53274,53274,Somalia,2015,Goat,tonnes,38894.0,23.5,38894000.0,914009000.0
53334,53334,South Africa,2015,Goat,tonnes,10814.0,23.5,10814000.0,254129000.0
53343,53343,South Sudan,2015,Goat,tonnes,25549.0,23.5,25549000.0,600401500.0
53403,53403,Spain,2015,Goat,tonnes,9120.0,23.5,9120000.0,214320000.0
53463,53463,Sri Lanka,2015,Goat,tonnes,1030.0,23.5,1030000.0,24205000.0
53472,53472,Sudan,2015,Goat,tonnes,116000.0,23.5,116000000.0,2726000000.0
53583,53583,Suriname,2015,Goat,tonnes,6.0,23.5,6000.0,141000.0
53646,53646,Switzerland,2015,Goat,tonnes,547.0,23.5,547000.0,12854500.0
53706,53706,Syrian Arab Republic,2015,Goat,tonnes,13800.0,23.5,13800000.0,324300000.0
53766,53766,Thailand,2015,Goat,tonnes,1745.0,23.5,1745000.0,41007500.0
53826,53826,Timor-Leste,2015,Goat,tonnes,456.0,23.5,456000.0,10716000.0
53886,53886,Togo,2015,Goat,tonnes,6964.0,23.5,6964000.0,163654000.0
53946,53946,Tonga,2015,Goat,tonnes,27.0,23.5,27000.0,634500.0
54006,54006,Trinidad and Tobago,2015,Goat,tonnes,54.0,23.5,54000.0,1269000.0
54066,54066,Tunisia,2015,Goat,tonnes,9700.0,23.5,9700000.0,227950000.0
54126,54126,Türkiye,2015,Goat,tonnes,33990.0,23.5,33990000.0,798765000.0
54155,54155,Turkmenistan,2015,Goat,tonnes,10400.0,23.5,10400000.0,244400000.0
54215,54215,Uganda,2015,Goat,tonnes,35537.0,23.5,35537000.0,835119500.0
54244,54244,Ukraine,2015,Goat,tonnes,5300.0,23.5,5300000.0,124550000.0
54304,54304,United Arab Emirates,2015,Goat,tonnes,49000.0,23.5,49000000.0,1151500000.0
54364,54364,United Republic of Tanzania,2015,Goat,tonnes,41752.0,23.5,41752000.0,981172000.0
54394,54394,United States of America,2015,Goat,tonnes,8709.0,23.5,8709000.0,204661500.0
54485,54485,Vanuatu,2015,Goat,tonnes,34.0,23.5,34000.0,799000.0
54545,54545,Venezuela (Bolivarian Republic of),2015,Goat,tonnes,5868.0,23.5,5868000.0,137898000.0
54605,54605,Viet Nam,2015,Goat,tonnes,12820.0,23.5,12820000.0,301270000.0
54665,54665,Yemen,2015,Goat,tonnes,70312.0,23.5,70312000.0,1652332000.0
54725,54725,Zambia,2015,Goat,tonnes,10006.0,23.5,10006000.0,235141000.0
54785,54785,Zimbabwe,2015,Goat,tonnes,21971.0,23.5,21971000.0,516318500.0
54845,54845,World,2015,Goat,tonnes,5499425.0,23.5,5499425000.0,129236487500.0
54905,54905,Africa,2015,Goat,tonnes,1250939.0,23.5,1250939000.0,29397066500.0
54965,54965,Eastern Africa,2015,Goat,tonnes,404325.0,23.5,404325000.0,9501637500.0
55025,55025,Middle Africa,2015,Goat,tonnes,177185.0,23.5,177185000.0,4163847500.0
55085,55085,Northern Africa,2015,Goat,tonnes,236481.0,23.5,236481000.0,5557303500.0
55145,55145,Southern Africa,2015,Goat,tonnes,20511.0,23.5,20511000.0,482008500.0
55205,55205,Western Africa,2015,Goat,tonnes,412437.0,23.5,412437000.0,9692269500.0
55265,55265,Americas,2015,Goat,tonnes,124302.0,23.5,124302000.0,2921097000.0
55295,55295,Northern America,2015,Goat,tonnes,8709.0,23.5,8709000.0,204661500.0
55355,55355,Central America,2015,Goat,tonnes,39927.0,23.5,39927000.0,938284500.0
55415,55415,Caribbean,2015,Goat,tonnes,11251.0,23.5,11251000.0,264398500.0
55475,55475,South America,2015,Goat,tonnes,64415.0,23.5,64415000.0,1513752500.0
55535,55535,Asia,2015,Goat,tonnes,3988000.0,23.5,3988000000.0,93718000000.0
55564,55564,Central Asia,2015,Goat,tonnes,41362.0,23.5,41362000.0,972007000.0
55624,55624,Eastern Asia,2015,Goat,tonnes,2259953.0,23.5,2259953000.0,53108895500.0
55684,55684,Southern Asia,2015,Goat,tonnes,1224891.0,23.5,1224891000.0,28784938500.0
55744,55744,South-eastern Asia,2015,Goat,tonnes,218784.0,23.5,218784000.0,5141424000.0
55804,55804,Western Asia,2015,Goat,tonnes,243010.0,23.5,243010000.0,5710735000.0
55864,55864,Europe,2015,Goat,tonnes,102393.0,23.5,102393000.0,2406235500.0
55924,55924,Eastern Europe,2015,Goat,tonnes,34056.0,23.5,34056000.0,800316000.0
55984,55984,Northern Europe,2015,Goat,tonnes,405.0,23.5,405000.0,9517500.0
56044,56044,Southern Europe,2015,Goat,tonnes,52453.0,23.5,52453000.0,1232645500.0
56104,56104,Western Europe,2015,Goat,tonnes,15479.0,23.5,15479000.0,363756500.0
56164,56164,Oceania,2015,Goat,tonnes,33791.0,23.5,33791000.0,794088500.0
56224,56224,Australia and New Zealand,2015,Goat,tonnes,33540.0,23.5,33540000.0,788190000.0
56284,56284,Melanesia,2015,Goat,tonnes,137.0,23.5,137000.0,3219500.0
56314,56314,Micronesia,2015,Goat,tonnes,13.0,23.5,13000.0,305500.0
56374,56374,Polynesia,2015,Goat,tonnes,101.0,23.5,101000.0,2373500.0
56434,56434,European Union (27),2015,Goat,tonnes,67156.0,23.5,67156000.0,1578166000.0
56494,56494,Least Developed Countries,2015,Goat,tonnes,1194332.0,23.5,1194332000.0,28066802000.0
56554,56554,Land Locked Developing Countries,2015,Goat,tonnes,679788.0,23.5,679788000.0,15975018000.0
56614,56614,Small Island Developing States,2015,Goat,tonnes,14983.0,23.5,14983000.0,352100500.0
56674,56674,Low Income Food Deficit Countries,2015,Goat,tonnes,1794513.0,23.5,1794513000.0,42171055500.0
56734,56734,Net Food Importing Developing Countries,2015,Goat,tonnes,1792422.0,23.5,1792422000.0,42121917000.0
93386,93386,Afghanistan,2015,Wheat,tonnes,4673040.0,1.4,4673040000.0,6542256000.0
93446,93446,Albania,2015,Wheat,tonnes,275000.0,1.4,275000000.0,385000000.0
93506,93506,Algeria,2015,Wheat,tonnes,2656731.0,1.4,2656731000.0,3719423400.0
93566,93566,Angola,2015,Wheat,tonnes,2978.0,1.4,2978000.0,4169200.0
93626,93626,Argentina,2015,Wheat,tonnes,13930078.0,1.4,13930078000.0,19502109200.0
93655,93655,Armenia,2015,Wheat,tonnes,362746.0,1.4,362746000.0,507844400.0
93715,93715,Australia,2015,Wheat,tonnes,23742560.0,1.4,23742560000.0,33239584000.0
93775,93775,Austria,2015,Wheat,tonnes,1725737.0,1.4,1725737000.0,2416031800.0
93804,93804,Azerbaijan,2015,Wheat,tonnes,1639830.0,1.4,1639830000.0,2295762000.0
93864,93864,Bangladesh,2015,Wheat,tonnes,1348000.0,1.4,1348000000.0,1887200000.0
93893,93893,Belarus,2015,Wheat,tonnes,2896411.0,1.4,2896411000.0,4054975400.0
93914,93914,Belgium,2015,Wheat,tonnes,2019347.0,1.4,2019347000.0,2827085800.0
94013,94013,Bhutan,2015,Wheat,tonnes,3730.0,1.4,3730000.0,5222000.0
94073,94073,Bolivia (Plurinational State of),2015,Wheat,tonnes,337599.0,1.4,337599000.0,472638600.0
94102,94102,Bosnia and Herzegovina,2015,Wheat,tonnes,213015.0,1.4,213015000.0,298221000.0
94162,94162,Botswana,2015,Wheat,tonnes,0.0,1.4,0.0,0.0
94222,94222,Brazil,2015,Wheat,tonnes,5508451.0,1.4,5508451000.0,7711831399.999999
94282,94282,Bulgaria,2015,Wheat,tonnes,5011597.0,1.4,5011597000.0,7016235800.0
94342,94342,Burundi,2015,Wheat,tonnes,6656.0,1.4,6656000.0,9318400.0
94387,94387,Cameroon,2015,Wheat,tonnes,850.0,1.4,850000.0,1190000.0
94447,94447,Canada,2015,Wheat,tonnes,27647400.0,1.4,27647400000.0,38706360000.0
94507,94507,Chad,2015,Wheat,tonnes,965.0,1.4,965000.0,1351000.0
94567,94567,Chile,2015,Wheat,tonnes,1482310.0,1.4,1482310000.0,2075234000.0
94627,94627,China,2015,Wheat,tonnes,132646335.0,1.4,132646335000.0,185704869000.0
94687,94687,"China, mainland",2015,Wheat,tonnes,132639000.0,1.4,132639000000.0,185694600000.0
94747,94747,"China, Taiwan Province of",2015,Wheat,tonnes,7335.0,1.4,7335000.0,10269000.0
94807,94807,Colombia,2015,Wheat,tonnes,9891.0,1.4,9891000.0,13847400.0
94836,94836,Croatia,2015,Wheat,tonnes,758638.0,1.4,758638000.0,1062093200.0
94896,94896,Cyprus,2015,Wheat,tonnes,35356.0,1.4,35356000.0,49498400.0
94924,94924,Czechia,2015,Wheat,tonnes,5274272.0,1.4,5274272000.0,7383980800.0
95016,95016,Democratic People's Republic of Korea,2015,Wheat,tonnes,55000.0,1.4,55000000.0,77000000.0
95076,95076,Democratic Republic of the Congo,2015,Wheat,tonnes,9500.0,1.4,9500000.0,13300000.0
95136,95136,Denmark,2015,Wheat,tonnes,5029300.0,1.4,5029300000.0,7041020000.0
95196,95196,Ecuador,2015,Wheat,tonnes,2053.0,1.4,2053000.0,2874200.0
95256,95256,Egypt,2015,Wheat,tonnes,9607736.0,1.4,9607736000.0,13450830400.0
95284,95284,Eritrea,2015,Wheat,tonnes,25000.0,1.4,25000000.0,35000000.0
95313,95313,Estonia,2015,Wheat,tonnes,812600.0,1.4,812600000.0,1137640000.0
95364,95364,Eswatini,2015,Wheat,tonnes,687.0,1.4,687000.0,961800.0
95392,95392,Ethiopia,2015,Wheat,tonnes,4650934.0,1.4,4650934000.0,6511307600.0
95484,95484,Finland,2015,Wheat,tonnes,992100.0,1.4,992100000.0,1388940000.0
95544,95544,France,2015,Wheat,tonnes,42750027.0,1.4,42750027000.0,59850037800.0
95573,95573,Georgia,2015,Wheat,tonnes,125600.0,1.4,125600000.0,175840000.0
95633,95633,Germany,2015,Wheat,tonnes,26549500.0,1.4,26549500000.0,37169300000.0
95693,95693,Greece,2015,Wheat,tonnes,1458705.0,1.4,1458705000.0,2042187000.0
95753,95753,Guatemala,2015,Wheat,tonnes,594.0,1.4,594000.0,831600.0
95813,95813,Honduras,2015,Wheat,tonnes,1213.0,1.4,1213000.0,1698200.0
95873,95873,Hungary,2015,Wheat,tonnes,5331426.0,1.4,5331426000.0,7463996400.0
95933,95933,India,2015,Wheat,tonnes,86530000.0,1.4,86530000000.0,121141999999.99998
95993,95993,Iran (Islamic Republic of),2015,Wheat,tonnes,11522318.0,1.4,11522318000.0,16131245199.999998
96053,96053,Iraq,2015,Wheat,tonnes,2645061.0,1.4,2645061000.0,3703085400.0
96113,96113,Ireland,2015,Wheat,tonnes,696600.0,1.4,696600000.0,975240000.0
96173,96173,Israel,2015,Wheat,tonnes,173000.0,1.4,173000000.0,242200000.0
96233,96233,Italy,2015,Wheat,tonnes,7394495.0,1.4,7394495000.0,10352293000.0
96293,96293,Japan,2015,Wheat,tonnes,1004000.0,1.4,1004000000.0,1405600000.0
96353,96353,Jordan,2015,Wheat,tonnes,21925.0,1.4,21925000.0,30695000.0
96382,96382,Kazakhstan,2015,Wheat,tonnes,13746967.0,1.4,13746967000.0,19245753800.0
96442,96442,Kenya,2015,Wheat,tonnes,238600.0,1.4,238600000.0,334040000.0
96478,96478,Kuwait,2015,Wheat,tonnes,45.0,1.4,45000.0,62999.99999999999
96507,96507,Kyrgyzstan,2015,Wheat,tonnes,704601.0,1.4,704601000.0,986441400.0
96536,96536,Latvia,2015,Wheat,tonnes,2250100.0,1.4,2250100000.0,3150140000.0
96596,96596,Lebanon,2015,Wheat,tonnes,139000.0,1.4,139000000.0,194600000.0
96656,96656,Lesotho,2015,Wheat,tonnes,7069.0,1.4,7069000.0,9896600.0
96716,96716,Libya,2015,Wheat,tonnes,160000.0,1.4,160000000.0,224000000.0
96745,96745,Lithuania,2015,Wheat,tonnes,4380330.0,1.4,4380330000.0,6132462000.0
96766,96766,Luxembourg,2015,Wheat,tonnes,91058.0,1.4,91058000.0,127481200.0
96811,96811,Madagascar,2015,Wheat,tonnes,5000.0,1.4,5000000.0,7000000.0
96871,96871,Malawi,2015,Wheat,tonnes,1178.0,1.4,1178000.0,1649200.0
96931,96931,Mali,2015,Wheat,tonnes,35756.0,1.4,35756000.0,50058400.0
96991,96991,Malta,2015,Wheat,tonnes,10000.0,1.4,10000000.0,14000000.0
97051,97051,Mauritania,2015,Wheat,tonnes,7050.0,1.4,7050000.0,9870000.0
97111,97111,Mexico,2015,Wheat,tonnes,3710706.0,1.4,3710706000.0,5194988400.0
97171,97171,Mongolia,2015,Wheat,tonnes,206508.0,1.4,206508000.0,289111200.0
97186,97186,Montenegro,2015,Wheat,tonnes,2111.0,1.4,2111000.0,2955400.0
97246,97246,Morocco,2015,Wheat,tonnes,8074659.0,1.4,8074659000.0,11304522600.0
97306,97306,Mozambique,2015,Wheat,tonnes,20280.0,1.4,20280000.0,28392000.0
97366,97366,Myanmar,2015,Wheat,tonnes,179300.0,1.4,179300000.0,251020000.0
97426,97426,Namibia,2015,Wheat,tonnes,10148.0,1.4,10148000.0,14207200.0
97486,97486,Nepal,2015,Wheat,tonnes,1975625.0,1.4,1975625000.0,2765875000.0
97546,97546,Netherlands,2015,Wheat,tonnes,1300085.0,1.4,1300085000.0,1820119000.0
97606,97606,New Caledonia,2015,Wheat,tonnes,7.0,1.4,7000.0,9800.0
97666,97666,New Zealand,2015,Wheat,tonnes,413533.0,1.4,413533000.0,578946200.0
97726,97726,Niger,2015,Wheat,tonnes,8090.0,1.4,8090000.0,11326000.0
97786,97786,Nigeria,2015,Wheat,tonnes,60000.0,1.4,60000000.0,84000000.0
97815,97815,North Macedonia,2015,Wheat,tonnes,201218.0,1.4,201218000.0,281705200.0
97875,97875,Norway,2015,Wheat,tonnes,495200.0,1.4,495200000.0,693280000.0
97935,97935,Oman,2015,Wheat,tonnes,2525.0,1.4,2525000.0,3535000.0
97995,97995,Pakistan,2015,Wheat,tonnes,25086174.0,1.4,25086174000.0,35120643600.0
98055,98055,Palestine,2015,Wheat,tonnes,26320.0,1.4,26320000.0,36848000.0
98115,98115,Paraguay,2015,Wheat,tonnes,1139147.0,1.4,1139147000.0,1594805800.0
98175,98175,Peru,2015,Wheat,tonnes,214849.0,1.4,214849000.0,300788600.0
98235,98235,Poland,2015,Wheat,tonnes,10957787.0,1.4,10957787000.0,15340901799.999998
98295,98295,Portugal,2015,Wheat,tonnes,80393.0,1.4,80393000.0,112550200.0
98345,98345,Qatar,2015,Wheat,tonnes,0.0,1.4,0.0,0.0
98405,98405,Republic of Korea,2015,Wheat,tonnes,26433.0,1.4,26433000.0,37006200.0
98434,98434,Republic of Moldova,2015,Wheat,tonnes,922283.0,1.4,922283000.0,1291196200.0
98494,98494,Romania,2015,Wheat,tonnes,7962421.0,1.4,7962421000.0,11147389400.0
98523,98523,Russian Federation,2015,Wheat,tonnes,61785799.0,1.4,61785799000.0,86500118600.0
98583,98583,Rwanda,2015,Wheat,tonnes,7995.0,1.4,7995000.0,11193000.0
98643,98643,Saudi Arabia,2015,Wheat,tonnes,693776.0,1.4,693776000.0,971286400.0
98658,98658,Serbia,2015,Wheat,tonnes,2428203.0,1.4,2428203000.0,3399484200.0
98700,98700,Slovakia,2015,Wheat,tonnes,2082134.0,1.4,2082134000.0,2914987600.0
98729,98729,Slovenia,2015,Wheat,tonnes,157058.0,1.4,157058000.0,219881200.0
98765,98765,Somalia,2015,Wheat,tonnes,1031.0,1.4,1031000.0,1443400.0
98825,98825,South Africa,2015,Wheat,tonnes,1440000.0,1.4,1440000000.0,2016000000.0
98834,98834,South Sudan,2015,Wheat,tonnes,,1.4,,
98894,98894,Spain,2015,Wheat,tonnes,6362694.0,1.4,6362694000.0,8907771600.0
98903,98903,Sudan,2015,Wheat,tonnes,778600.0,1.4,778600000.0,1090040000.0
99014,99014,Sweden,2015,Wheat,tonnes,3300400.0,1.4,3300400000.0,4620560000.0
99074,99074,Switzerland,2015,Wheat,tonnes,527257.0,1.4,527257000.0,738159800.0
99134,99134,Syrian Arab Republic,2015,Wheat,tonnes,2677156.0,1.4,2677156000.0,3748018400.0
99163,99163,Tajikistan,2015,Wheat,tonnes,896362.0,1.4,896362000.0,1254906800.0
99198,99198,Thailand,2015,Wheat,tonnes,1265.0,1.4,1265000.0,1771000.0
99258,99258,Tunisia,2015,Wheat,tonnes,912570.0,1.4,912570000.0,1277598000.0
99318,99318,Türkiye,2015,Wheat,tonnes,22600000.0,1.4,22600000000.0,31640000000.0
99347,99347,Turkmenistan,2015,Wheat,tonnes,1406000.0,1.4,1406000000.0,1968400000.0
99402,99402,Uganda,2015,Wheat,tonnes,22078.0,1.4,22078000.0,30909200.0
99431,99431,Ukraine,2015,Wheat,tonnes,26532100.0,1.4,26532100000.0,37144940000.0
99475,99475,United Arab Emirates,2015,Wheat,tonnes,,1.4,,
99535,99535,United Kingdom of Great Britain and Northern Ireland,2015,Wheat,tonnes,16444000.0,1.4,16444000000.0,23021600000.0
99595,99595,United Republic of Tanzania,2015,Wheat,tonnes,72483.0,1.4,72483000.0,101476200.0
99655,99655,United States of America,2015,Wheat,tonnes,55839540.0,1.4,55839540000.0,78175356000.0
99715,99715,Uruguay,2015,Wheat,tonnes,1076000.0,1.4,1076000000.0,1506400000.0
99775,99775,Uzbekistan,2015,Wheat,tonnes,6964664.0,1.4,6964664000.0,9750529600.0
99835,99835,Venezuela (Bolivarian Republic of),2015,Wheat,tonnes,179.0,1.4,179000.0,250600.0
99895,99895,Yemen,2015,Wheat,tonnes,124940.0,1.4,124940000.0,174916000.0
99986,99986,Zambia,2015,Wheat,tonnes,214230.0,1.4,214230000.0,299922000.0
100046,100046,Zimbabwe,2015,Wheat,tonnes,45302.0,1.4,45302000.0,63422799.99999999
100106,100106,World,2015,Wheat,tonnes,741845269.0,1.4,741845269000.0,1038583376600.0
100166,100166,Africa,2015,Wheat,tonnes,29084156.0,1.4,29084156000.0,40717818400.0
100226,100226,Eastern Africa,2015,Wheat,tonnes,5310767.0,1.4,5310767000.0,7435073800.0
100286,100286,Middle Africa,2015,Wheat,tonnes,14293.0,1.4,14293000.0,20010200.0
100346,100346,Northern Africa,2015,Wheat,tonnes,22190296.0,1.4,22190296000.0,31066414400.0
100406,100406,Southern Africa,2015,Wheat,tonnes,1457904.0,1.4,1457904000.0,2041065600.0
100466,100466,Western Africa,2015,Wheat,tonnes,110896.0,1.4,110896000.0,155254400.0
100526,100526,Americas,2015,Wheat,tonnes,110900010.0,1.4,110900010000.0,155260014000.0
100586,100586,Northern America,2015,Wheat,tonnes,83486940.0,1.4,83486940000.0,116881716000.0
100646,100646,Central America,2015,Wheat,tonnes,3712513.0,1.4,3712513000.0,5197518200.0
100706,100706,South America,2015,Wheat,tonnes,23700557.0,1.4,23700557000.0,33180779800.0
100766,100766,Asia,2015,Wheat,tonnes,320243602.0,1.4,320243602000.0,448341042800.0
100795,100795,Central Asia,2015,Wheat,tonnes,23718594.0,1.4,23718594000.0,33206031600.0
100855,100855,Eastern Asia,2015,Wheat,tonnes,133938276.0,1.4,133938276000.0,187513586400.0
100915,100915,Southern Asia,2015,Wheat,tonnes,131138887.0,1.4,131138887000.0,183594441800.0
100975,100975,South-eastern Asia,2015,Wheat,tonnes,180565.0,1.4,180565000.0,252791000.0
101035,101035,Western Asia,2015,Wheat,tonnes,31267280.0,1.4,31267280000.0,43774192000.0
101095,101095,Europe,2015,Wheat,tonnes,257461401.0,1.4,257461401000.0,360445961400.0
101155,101155,Eastern Europe,2015,Wheat,tonnes,128756230.0,1.4,128756230000.0,180258722000.0
101215,101215,Northern Europe,2015,Wheat,tonnes,34400630.0,1.4,34400630000.0,48160882000.0
101275,101275,Southern Europe,2015,Wheat,tonnes,19341530.0,1.4,19341530000.0,27078142000.0
101335,101335,Western Europe,2015,Wheat,tonnes,74963011.0,1.4,74963011000.0,104948215400.0
101395,101395,Oceania,2015,Wheat,tonnes,24156100.0,1.4,24156100000.0,33818540000.0
101455,101455,Australia and New Zealand,2015,Wheat,tonnes,24156093.0,1.4,24156093000.0,33818530200.0
101515,101515,Melanesia,2015,Wheat,tonnes,7.0,1.4,7000.0,9800.0
101575,101575,European Union (27),2015,Wheat,tonnes,144774160.0,1.4,144774160000.0,202683824000.0
101635,101635,Least Developed Countries,2015,Wheat,tonnes,14181508.0,1.4,14181508000.0,19854111200.0
101695,101695,Land Locked Developing Countries,2015,Wheat,tonnes,40181260.0,1.4,40181260000.0,56253764000.0
101755,101755,Small Island Developing States,2015,Wheat,tonnes,7.0,1.4,7000.0,9800.0
101815,101815,Low Income Food Deficit Countries,2015,Wheat,tonnes,111893805.0,1.4,111893805000.0,156651327000.0
101875,101875,Net Food Importing Developing Countries,2015,Wheat,tonnes,58556756.0,1.4,58556756000.0,81979458400.0
101935,101935,Afghanistan,2015,Beef,tonnes,111438.0,21.1,111438000.0,2351341800.0
101995,101995,Albania,2015,Beef,tonnes,38556.0,21.1,38556000.0,813531600.0
102055,102055,Algeria,2015,Beef,tonnes,155037.0,21.1,155037000.0,3271280700.0
102115,102115,Angola,2015,Beef,tonnes,102043.0,21.1,102043000.0,2153107300.0
102175,102175,Antigua and Barbuda,2015,Beef,tonnes,146.0,21.1,146000.0,3080600.0
102235,102235,Argentina,2015,Beef,tonnes,2727000.0,21.1,2727000000.0,57539700000.00001
102264,102264,Armenia,2015,Beef,tonnes,63600.0,21.1,63600000.0,1341960000.0
102324,102324,Australia,2015,Beef,tonnes,2661640.0,21.1,2661640000.0,56160604000.0
102384,102384,Austria,2015,Beef,tonnes,229648.0,21.1,229648000.0,4845572800.0
102413,102413,Azerbaijan,2015,Beef,tonnes,129753.0,21.1,129753000.0,2737788300.0
102473,102473,Bahamas,2015,Beef,tonnes,19.0,21.1,19000.0,400900.0
102533,102533,Bahrain,2015,Beef,tonnes,979.0,21.1,979000.0,20656900.0
102593,102593,Bangladesh,2015,Beef,tonnes,198449.0,21.1,198449000.0,4187273900.000001
102653,102653,Barbados,2015,Beef,tonnes,173.0,21.1,173000.0,3650300.000000001
102682,102682,Belarus,2015,Beef,tonnes,339000.0,21.1,339000000.0,7152900000.000001
102703,102703,Belgium,2015,Beef,tonnes,267877.0,21.1,267877000.0,5652204700.0
102802,102802,Belize,2015,Beef,tonnes,1599.0,21.1,1599000.0,33738900.0
102862,102862,Benin,2015,Beef,tonnes,38760.0,21.1,38760000.0,817836000.0
102922,102922,Bhutan,2015,Beef,tonnes,4494.0,21.1,4494000.0,94823400.0
102982,102982,Bolivia (Plurinational State of),2015,Beef,tonnes,243000.0,21.1,243000000.0,5127300000.0
103011,103011,Bosnia and Herzegovina,2015,Beef,tonnes,22849.0,21.1,22849000.0,482113900.00000006
103071,103071,Botswana,2015,Beef,tonnes,35000.0,21.1,35000000.0,738500000.0
103131,103131,Brazil,2015,Beef,tonnes,9425000.0,21.1,9425000000.0,198867500000.0
103191,103191,Brunei Darussalam,2015,Beef,tonnes,900.0,21.1,900000.0,18990000.0
103251,103251,Bulgaria,2015,Beef,tonnes,18666.0,21.1,18666000.0,393852600.0
103311,103311,Burkina Faso,2015,Beef,tonnes,94973.0,21.1,94973000.0,2003930300.0
103371,103371,Burundi,2015,Beef,tonnes,11795.0,21.1,11795000.0,248874500.00000003
103431,103431,Cabo Verde,2015,Beef,tonnes,548.0,21.1,548000.0,11562800.0
103491,103491,Cambodia,2015,Beef,tonnes,63768.0,21.1,63768000.0,1345504800.0
103551,103551,Cameroon,2015,Beef,tonnes,91874.0,21.1,91874000.0,1938541400.0
103611,103611,Canada,2015,Beef,tonnes,1017551.0,21.1,1017551000.0,21470326100.0
103671,103671,Central African Republic,2015,Beef,tonnes,93232.0,21.1,93232000.0,1967195200.0
103731,103731,Chad,2015,Beef,tonnes,384022.0,21.1,384022000.0,8102864200.000001
103791,103791,Chile,2015,Beef,tonnes,225261.0,21.1,225261000.0,4753007100.0
103851,103851,China,2015,Beef,tonnes,6183522.0,21.1,6183522000.0,130472314200.00002
103911,103911,"China, Hong Kong SAR",2015,Beef,tonnes,6900.0,21.1,6900000.0,145590000.0
103971,103971,"China, Macao SAR",2015,Beef,tonnes,847.0,21.1,847000.0,17871700.0
104031,104031,"China, mainland",2015,Beef,tonnes,6168900.0,21.1,6168900000.0,130163790000.00002
104091,104091,"China, Taiwan Province of",2015,Beef,tonnes,6875.0,21.1,6875000.0,145062500.0
104151,104151,Colombia,2015,Beef,tonnes,858840.0,21.1,858840000.0,18121524000.0
104211,104211,Comoros,2015,Beef,tonnes,1225.0,21.1,1225000.0,25847500.0
104271,104271,Congo,2015,Beef,tonnes,5800.0,21.1,5800000.0,122380000.0
104331,104331,Cook Islands,2015,Beef,tonnes,3.0,21.1,3000.0,63300.00000000001
104391,104391,Costa Rica,2015,Beef,tonnes,82008.0,21.1,82008000.0,1730368800.0
104451,104451,Côte d'Ivoire,2015,Beef,tonnes,30455.0,21.1,30455000.0,642600500.0
104480,104480,Croatia,2015,Beef,tonnes,42000.0,21.1,42000000.0,886200000.0000001
104540,104540,Cuba,2015,Beef,tonnes,75600.0,21.1,75600000.0,1595160000.0
104600,104600,Cyprus,2015,Beef,tonnes,4953.0,21.1,4953000.0,104508300.0
104628,104628,Czechia,2015,Beef,tonnes,69014.0,21.1,69014000.0,1456195400.0
104720,104720,Democratic People's Republic of Korea,2015,Beef,tonnes,21102.0,21.1,21102000.0,445252200.00000006
104780,104780,Democratic Republic of the Congo,2015,Beef,tonnes,16516.0,21.1,16516000.0,348487600.0
104840,104840,Denmark,2015,Beef,tonnes,120491.0,21.1,120491000.0,2542360100.0
104900,104900,Djibouti,2015,Beef,tonnes,5974.0,21.1,5974000.0,126051400.0
104960,104960,Dominica,2015,Beef,tonnes,551.0,21.1,551000.0,11626100.0
105020,105020,Dominican Republic,2015,Beef,tonnes,95290.0,21.1,95290000.0,2010619000.0
105080,105080,Ecuador,2015,Beef,tonnes,214788.0,21.1,214788000.0,4532026800.0
105140,105140,Egypt,2015,Beef,tonnes,837384.0,21.1,837384000.0,17668802400.0
105200,105200,El Salvador,2015,Beef,tonnes,18578.0,21.1,18578000.0,391995800.0
105260,105260,Equatorial Guinea,2015,Beef,tonnes,47.0,21.1,47000.0,991700.0
105288,105288,Eritrea,2015,Beef,tonnes,21811.0,21.1,21811000.0,460212100.00000006
105317,105317,Estonia,2015,Beef,tonnes,12600.0,21.1,12600000.0,265860000.00000003
105377,105377,Eswatini,2015,Beef,tonnes,16155.0,21.1,16155000.0,340870500.0
105405,105405,Ethiopia,2015,Beef,tonnes,387805.0,21.1,387805000.0,8182685500.000001
105492,105492,Faroe Islands,2015,Beef,tonnes,94.0,21.1,94000.0,1983400.0
105552,105552,Fiji,2015,Beef,tonnes,3591.0,21.1,3591000.0,75770100.0
105612,105612,Finland,2015,Beef,tonnes,86490.0,21.1,86490000.0,1824939000.0
105672,105672,France,2015,Beef,tonnes,1447906.0,21.1,1447906000.0,30550816600.000004
105778,105778,French Polynesia,2015,Beef,tonnes,145.0,21.1,145000.0,3059500.0
105838,105838,Gabon,2015,Beef,tonnes,1162.0,21.1,1162000.0,24518200.0
105898,105898,Gambia,2015,Beef,tonnes,4391.0,21.1,4391000.0,92650100.0
105927,105927,Georgia,2015,Beef,tonnes,24400.0,21.1,24400000.0,514840000.00000006
105987,105987,Germany,2015,Beef,tonnes,1132340.0,21.1,1132340000.0,23892374000.0
106047,106047,Ghana,2015,Beef,tonnes,23841.0,21.1,23841000.0,503045100.00000006
106107,106107,Greece,2015,Beef,tonnes,40518.0,21.1,40518000.0,854929800.0
106167,106167,Grenada,2015,Beef,tonnes,138.0,21.1,138000.0,2911800.0
106273,106273,Guatemala,2015,Beef,tonnes,181360.0,21.1,181360000.0,3826696000.000001
106333,106333,Guinea,2015,Beef,tonnes,80451.0,21.1,80451000.0,1697516100.0
106393,106393,Guinea-Bissau,2015,Beef,tonnes,6587.0,21.1,6587000.0,138985700.0
106453,106453,Guyana,2015,Beef,tonnes,2282.0,21.1,2282000.0,48150200.0
106513,106513,Haiti,2015,Beef,tonnes,46588.0,21.1,46588000.0,983006800.0
106573,106573,Honduras,2015,Beef,tonnes,63668.0,21.1,63668000.0,1343394800.0
106633,106633,Hungary,2015,Beef,tonnes,27315.0,21.1,27315000.0,576346500.0
106693,106693,Iceland,2015,Beef,tonnes,3605.0,21.1,3605000.0,76065500.0
106753,106753,India,2015,Beef,tonnes,2514753.0,21.1,2514753000.0,53061288300.0
106813,106813,Indonesia,2015,Beef,tonnes,542071.0,21.1,542071000.0,11437698100.0
106873,106873,Iran (Islamic Republic of),2015,Beef,tonnes,394423.0,21.1,394423000.0,8322325300.000001
106933,106933,Iraq,2015,Beef,tonnes,32864.0,21.1,32864000.0,693430400.0
106993,106993,Ireland,2015,Beef,tonnes,564100.0,21.1,564100000.0,11902510000.0
107053,107053,Israel,2015,Beef,tonnes,132212.0,21.1,132212000.0,2789673200.0
107113,107113,Italy,2015,Beef,tonnes,788277.0,21.1,788277000.0,16632644700.000002
107173,107173,Jamaica,2015,Beef,tonnes,7523.0,21.1,7523000.0,158735300.0
107233,107233,Japan,2015,Beef,tonnes,481019.0,21.1,481019000.0,10149500900.0
107293,107293,Jordan,2015,Beef,tonnes,27452.0,21.1,27452000.0,579237200.0
107322,107322,Kazakhstan,2015,Beef,tonnes,416823.0,21.1,416823000.0,8794965300.0
107382,107382,Kenya,2015,Beef,tonnes,487176.0,21.1,487176000.0,10279413600.0
107442,107442,Kuwait,2015,Beef,tonnes,1882.0,21.1,1882000.0,39710200.0
107471,107471,Kyrgyzstan,2015,Beef,tonnes,99059.0,21.1,99059000.0,2090144900.0
107531,107531,Lao People's Democratic Republic,2015,Beef,tonnes,51288.0,21.1,51288000.0,1082176800.0
107560,107560,Latvia,2015,Beef,tonnes,18769.0,21.1,18769000.0,396025900.0
107620,107620,Lebanon,2015,Beef,tonnes,47271.0,21.1,47271000.0,997418100.0
107680,107680,Lesotho,2015,Beef,tonnes,2506.0,21.1,2506000.0,52876600.0
107740,107740,Liberia,2015,Beef,tonnes,1179.0,21.1,1179000.0,24876900.0
107800,107800,Libya,2015,Beef,tonnes,7172.0,21.1,7172000.0,151329200.0
107829,107829,Lithuania,2015,Beef,tonnes,45102.0,21.1,45102000.0,951652200.0
107850,107850,Luxembourg,2015,Beef,tonnes,9180.0,21.1,9180000.0,193698000.0
107910,107910,Madagascar,2015,Beef,tonnes,44205.0,21.1,44205000.0,932725500.0
107970,107970,Malawi,2015,Beef,tonnes,42362.0,21.1,42362000.0,893838200.0000001
108030,108030,Malaysia,2015,Beef,tonnes,50494.0,21.1,50494000.0,1065423400.0
108090,108090,Mali,2015,Beef,tonnes,43123.0,21.1,43123000.0,909895300.0
108150,108150,Malta,2015,Beef,tonnes,1032.0,21.1,1032000.0,21775200.0
108256,108256,Mauritania,2015,Beef,tonnes,29707.0,21.1,29707000.0,626817700.0
108316,108316,Mauritius,2015,Beef,tonnes,2213.0,21.1,2213000.0,46694300.0
108376,108376,Mexico,2015,Beef,tonnes,1845236.0,21.1,1845236000.0,38934479600.0
108406,108406,Micronesia (Federated States of),2015,Beef,tonnes,237.0,21.1,237000.0,5000700.0
108466,108466,Mongolia,2015,Beef,tonnes,93252.0,21.1,93252000.0,1967617200.0
108481,108481,Montenegro,2015,Beef,tonnes,3211.0,21.1,3211000.0,67752100.0
108541,108541,Morocco,2015,Beef,tonnes,245514.0,21.1,245514000.0,5180345400.0
108601,108601,Mozambique,2015,Beef,tonnes,12303.0,21.1,12303000.0,259593300.00000003
108661,108661,Myanmar,2015,Beef,tonnes,401747.0,21.1,401747000.0,8476861700.000001
108721,108721,Namibia,2015,Beef,tonnes,34486.0,21.1,34486000.0,727654600.0
108781,108781,Nepal,2015,Beef,tonnes,224120.0,21.1,224120000.0,4728932000.0
108841,108841,Netherlands,2015,Beef,tonnes,382520.0,21.1,382520000.0,8071172000.000001
108901,108901,New Caledonia,2015,Beef,tonnes,3612.0,21.1,3612000.0,76213200.0
108961,108961,New Zealand,2015,Beef,tonnes,675844.0,21.1,675844000.0,14260308400.000002
109021,109021,Nicaragua,2015,Beef,tonnes,115216.0,21.1,115216000.0,2431057600.0
109081,109081,Niger,2015,Beef,tonnes,58942.0,21.1,58942000.0,1243676200.0
109141,109141,Nigeria,2015,Beef,tonnes,384396.0,21.1,384396000.0,8110755600.000001
109201,109201,Niue,2015,Beef,tonnes,2.0,21.1,2000.0,42200.0
109230,109230,North Macedonia,2015,Beef,tonnes,4875.0,21.1,4875000.0,102862500.0
109290,109290,Norway,2015,Beef,tonnes,79672.0,21.1,79672000.0,1681079200.0
109350,109350,Oman,2015,Beef,tonnes,13888.0,21.1,13888000.0,293036800.0
109410,109410,Pakistan,2015,Beef,tonnes,1750000.0,21.1,1750000000.0,36925000000.0
109440,109440,Palestine,2015,Beef,tonnes,8696.0,21.1,8696000.0,183485600.0
109500,109500,Panama,2015,Beef,tonnes,80899.0,21.1,80899000.0,1706968900.0
109560,109560,Papua New Guinea,2015,Beef,tonnes,3180.0,21.1,3180000.0,67098000.00000001
109620,109620,Paraguay,2015,Beef,tonnes,444668.0,21.1,444668000.0,9382494800.0
109680,109680,Peru,2015,Beef,tonnes,196015.0,21.1,196015000.0,4135916500.000001
109740,109740,Philippines,2015,Beef,tonnes,304681.0,21.1,304681000.0,6428769100.0
109800,109800,Poland,2015,Beef,tonnes,486700.0,21.1,486700000.0,10269370000.0
109860,109860,Portugal,2015,Beef,tonnes,88645.0,21.1,88645000.0,1870409500.0
109920,109920,Puerto Rico,2015,Beef,tonnes,7004.0,21.1,7004000.0,147784400.0
109980,109980,Qatar,2015,Beef,tonnes,714.0,21.1,714000.0,15065400.000000002
110040,110040,Republic of Korea,2015,Beef,tonnes,323000.0,21.1,323000000.0,6815300000.0
110069,110069,Republic of Moldova,2015,Beef,tonnes,8419.0,21.1,8419000.0,177640900.0
110175,110175,Romania,2015,Beef,tonnes,118851.0,21.1,118851000.0,2507756100.0
110204,110204,Russian Federation,2015,Beef,tonnes,1649373.0,21.1,1649373000.0,34801770300.0
110264,110264,Rwanda,2015,Beef,tonnes,36582.0,21.1,36582000.0,771880200.0
110324,110324,Saint Kitts and Nevis,2015,Beef,tonnes,51.0,21.1,51000.0,1076100.0
110384,110384,Saint Lucia,2015,Beef,tonnes,431.0,21.1,431000.0,9094100.0
110444,110444,Saint Vincent and the Grenadines,2015,Beef,tonnes,213.0,21.1,213000.0,4494300.0
110504,110504,Samoa,2015,Beef,tonnes,1370.0,21.1,1370000.0,28907000.000000004
110564,110564,Sao Tome and Principe,2015,Beef,tonnes,167.0,21.1,167000.0,3523700.0000000005
110624,110624,Saudi Arabia,2015,Beef,tonnes,41000.0,21.1,41000000.0,865100000.0
110684,110684,Senegal,2015,Beef,tonnes,70165.0,21.1,70165000.0,1480481500.0
110699,110699,Serbia,2015,Beef,tonnes,66032.0,21.1,66032000.0,1393275200.0
110773,110773,Seychelles,2015,Beef,tonnes,10.0,21.1,10000.0,211000.0
110833,110833,Sierra Leone,2015,Beef,tonnes,10257.0,21.1,10257000.0,216422700.0
110893,110893,Singapore,2015,Beef,tonnes,36.0,21.1,36000.0,759600.0
110921,110921,Slovakia,2015,Beef,tonnes,10711.0,21.1,10711000.0,226002100.00000003
110950,110950,Slovenia,2015,Beef,tonnes,33583.0,21.1,33583000.0,708601300.0
111010,111010,Solomon Islands,2015,Beef,tonnes,755.0,21.1,755000.0,15930500.000000002
111070,111070,Somalia,2015,Beef,tonnes,58498.0,21.1,58498000.0,1234307800.0
111130,111130,South Africa,2015,Beef,tonnes,1072800.0,21.1,1072800000.0,22636080000.0
111139,111139,South Sudan,2015,Beef,tonnes,98459.0,21.1,98459000.0,2077484900.0
111199,111199,Spain,2015,Beef,tonnes,626104.0,21.1,626104000.0,13210794400.0
111259,111259,Sri Lanka,2015,Beef,tonnes,26695.0,21.1,26695000.0,563264500.0
111268,111268,Sudan,2015,Beef,tonnes,366230.0,21.1,366230000.0,7727453000.000001
111379,111379,Suriname,2015,Beef,tonnes,1474.0,21.1,1474000.0,31101400.000000004
111439,111439,Sweden,2015,Beef,tonnes,143980.0,21.1,143980000.0,3037978000.0
111499,111499,Switzerland,2015,Beef,tonnes,141909.0,21.1,141909000.0,2994279900.0
111559,111559,Syrian Arab Republic,2015,Beef,tonnes,65511.0,21.1,65511000.0,1382282100.0
111588,111588,Tajikistan,2015,Beef,tonnes,77390.0,21.1,77390000.0,1632929000.0
111648,111648,Thailand,2015,Beef,tonnes,173966.0,21.1,173966000.0,3670682600.000001
111708,111708,Timor-Leste,2015,Beef,tonnes,1992.0,21.1,1992000.0,42031200.0
111768,111768,Togo,2015,Beef,tonnes,8162.0,21.1,8162000.0,172218200.0
111828,111828,Tonga,2015,Beef,tonnes,345.0,21.1,345000.0,7279500.000000001
111888,111888,Trinidad and Tobago,2015,Beef,tonnes,876.0,21.1,876000.0,18483600.0
111948,111948,Tunisia,2015,Beef,tonnes,59300.0,21.1,59300000.0,1251230000.0
112008,112008,Türkiye,2015,Beef,tonnes,1015252.0,21.1,1015252000.0,21421817200.0
112037,112037,Turkmenistan,2015,Beef,tonnes,143473.0,21.1,143473000.0,3027280300.0
112097,112097,Uganda,2015,Beef,tonnes,190785.0,21.1,190785000.0,4025563500.000001
112126,112126,Ukraine,2015,Beef,tonnes,384000.0,21.1,384000000.0,8102400000.000001
112186,112186,United Arab Emirates,2015,Beef,tonnes,18501.0,21.1,18501000.0,390371100.0
112246,112246,United Kingdom of Great Britain and Northern Ireland,2015,Beef,tonnes,885000.0,21.1,885000000.0,18673500000.0
112306,112306,United Republic of Tanzania,2015,Beef,tonnes,319112.0,21.1,319112000.0,6733263200.0
112366,112366,United States of America,2015,Beef,tonnes,10777601.0,21.1,10777601000.0,227407381100.00003
112426,112426,Uruguay,2015,Beef,tonnes,536769.0,21.1,536769000.0,11325825900.0
112486,112486,Uzbekistan,2015,Beef,tonnes,850000.0,21.1,850000000.0,17935000000.0
112546,112546,Vanuatu,2015,Beef,tonnes,2581.0,21.1,2581000.0,54459100.0
112606,112606,Venezuela (Bolivarian Republic of),2015,Beef,tonnes,434306.0,21.1,434306000.0,9163856600.0
112666,112666,Viet Nam,2015,Beef,tonnes,385476.0,21.1,385476000.0,8133543600.000001
112726,112726,Yemen,2015,Beef,tonnes,72126.0,21.1,72126000.0,1521858600.0
112817,112817,Zambia,2015,Beef,tonnes,161000.0,21.1,161000000.0,3397100000.0
112877,112877,Zimbabwe,2015,Beef,tonnes,58501.0,21.1,58501000.0,1234371100.0
112937,112937,World,2015,Beef,tonnes,67462726.0,21.1,67462726000.0,1423463518600.0
112997,112997,Africa,2015,Beef,tonnes,6352200.0,21.1,6352200000.0,134031420000.00002
113057,113057,Eastern Africa,2015,Beef,tonnes,1939816.0,21.1,1939816000.0,40930117600.0
113117,113117,Middle Africa,2015,Beef,tonnes,694863.0,21.1,694863000.0,14661609300.000002
113177,113177,Northern Africa,2015,Beef,tonnes,1670637.0,21.1,1670637000.0,35250440700.0
113237,113237,Southern Africa,2015,Beef,tonnes,1160947.0,21.1,1160947000.0,24495981700.0
113297,113297,Western Africa,2015,Beef,tonnes,885937.0,21.1,885937000.0,18693270700.0
113357,113357,Americas,2015,Beef,tonnes,29727722.0,21.1,29727722000.0,627254934200.0
113417,113417,Northern America,2015,Beef,tonnes,11795152.0,21.1,11795152000.0,248877707200.00003
113477,113477,Central America,2015,Beef,tonnes,2388564.0,21.1,2388564000.0,50398700400.0
113537,113537,Caribbean,2015,Beef,tonnes,234603.0,21.1,234603000.0,4950123300.0
113597,113597,South America,2015,Beef,tonnes,15309403.0,21.1,15309403000.0,323028403300.0
113657,113657,Asia,2015,Beef,tonnes,17590485.0,21.1,17590485000.0,371159233500.0
113686,113686,Central Asia,2015,Beef,tonnes,1586745.0,21.1,1586745000.0,33480319500.000004
113746,113746,Eastern Asia,2015,Beef,tonnes,7101895.0,21.1,7101895000.0,149849984500.0
113806,113806,Southern Asia,2015,Beef,tonnes,5224372.0,21.1,5224372000.0,110234249200.0
113866,113866,South-eastern Asia,2015,Beef,tonnes,1976419.0,21.1,1976419000.0,41702440900.0
113926,113926,Western Asia,2015,Beef,tonnes,1701054.0,21.1,1701054000.0,35892239400.0
113986,113986,Europe,2015,Beef,tonnes,10439014.0,21.1,10439014000.0,220263195400.0
114046,114046,Eastern Europe,2015,Beef,tonnes,3112049.0,21.1,3112049000.0,65664233900.00001
114106,114106,Northern Europe,2015,Beef,tonnes,1959903.0,21.1,1959903000.0,41353953300.0
114166,114166,Southern Europe,2015,Beef,tonnes,1755682.0,21.1,1755682000.0,37044890200.0
114226,114226,Western Europe,2015,Beef,tonnes,3611380.0,21.1,3611380000.0,76200118000.0
114286,114286,Oceania,2015,Beef,tonnes,3353305.0,21.1,3353305000.0,70754735500.0
114346,114346,Australia and New Zealand,2015,Beef,tonnes,3337484.0,21.1,3337484000.0,70420912400.0
114406,114406,Melanesia,2015,Beef,tonnes,13719.0,21.1,13719000.0,289470900.0
114436,114436,Micronesia,2015,Beef,tonnes,237.0,21.1,237000.0,5000700.0
114496,114496,Polynesia,2015,Beef,tonnes,1865.0,21.1,1865000.0,39351500.0
114556,114556,European Union (27),2015,Beef,tonnes,6817372.0,21.1,6817372000.0,143846549200.0
114616,114616,Least Developed Countries,2015,Beef,tonnes,3982675.0,21.1,3982675000.0,84034442500.0
114676,114676,Land Locked Developing Countries,2015,Beef,tonnes,4680894.0,21.1,4680894000.0,98766863400.0
114736,114736,Small Island Developing States,2015,Beef,tonnes,269536.0,21.1,269536000.0,5687209600.0
114796,114796,Low Income Food Deficit Countries,2015,Beef,tonnes,8019916.0,21.1,8019916000.0,169220227600.0
114856,114856,Net Food Importing Developing Countries,2015,Beef,tonnes,8522478.0,21.1,8522478000.0,179824285800.0
170650,170650,Albania,2015,Pig,tonnes,11424.0,7.2,11424000.0,82252800.0
170710,170710,Algeria,2015,Pig,tonnes,116.0,7.2,116000.0,835200.0
170770,170770,Angola,2015,Pig,tonnes,112702.0,7.2,112702000.0,811454400.0
170830,170830,Antigua and Barbuda,2015,Pig,tonnes,67.0,7.2,67000.0,482400.0
170890,170890,Argentina,2015,Pig,tonnes,483437.0,7.2,483437000.0,3480746400.0
170919,170919,Armenia,2015,Pig,tonnes,17500.0,7.2,17500000.0,126000000.0
170979,170979,Australia,2015,Pig,tonnes,371163.0,7.2,371163000.0,2672373600.0
171039,171039,Austria,2015,Pig,tonnes,529118.0,7.2,529118000.0,3809649600.0
171068,171068,Azerbaijan,2015,Pig,tonnes,709.0,7.2,709000.0,5104800.0
171128,171128,Bahamas,2015,Pig,tonnes,346.0,7.2,346000.0,2491200.0
171188,171188,Barbados,2015,Pig,tonnes,2847.0,7.2,2847000.0,20498400.0
171217,171217,Belarus,2015,Pig,tonnes,361600.0,7.2,361600000.0,2603520000.0
171238,171238,Belgium,2015,Pig,tonnes,1124310.0,7.2,1124310000.0,8095032000.0
171337,171337,Belize,2015,Pig,tonnes,1635.0,7.2,1635000.0,11772000.0
171397,171397,Benin,2015,Pig,tonnes,6052.0,7.2,6052000.0,43574400.0
171457,171457,Bhutan,2015,Pig,tonnes,704.0,7.2,704000.0,5068800.0
171517,171517,Bolivia (Plurinational State of),2015,Pig,tonnes,93628.0,7.2,93628000.0,674121600.0
171546,171546,Bosnia and Herzegovina,2015,Pig,tonnes,8534.0,7.2,8534000.0,61444800.0
171606,171606,Botswana,2015,Pig,tonnes,576.0,7.2,576000.0,4147200.0
171666,171666,Brazil,2015,Pig,tonnes,3430734.0,7.2,3430734000.0,24701284800.0
171726,171726,Brunei Darussalam,2015,Pig,tonnes,52.0,7.2,52000.0,374400.0
171786,171786,Bulgaria,2015,Pig,tonnes,69259.0,7.2,69259000.0,498664800.0
171846,171846,Burkina Faso,2015,Pig,tonnes,40880.0,7.2,40880000.0,294336000.0
171906,171906,Burundi,2015,Pig,tonnes,7370.0,7.2,7370000.0,53064000.0
171966,171966,Cabo Verde,2015,Pig,tonnes,3021.0,7.2,3021000.0,21751200.0
172026,172026,Cambodia,2015,Pig,tonnes,111618.0,7.2,111618000.0,803649600.0
172086,172086,Cameroon,2015,Pig,tonnes,32261.0,7.2,32261000.0,232279200.0
172146,172146,Canada,2015,Pig,tonnes,2064140.0,7.2,2064140000.0,14861808000.0
172206,172206,Central African Republic,2015,Pig,tonnes,18009.0,7.2,18009000.0,129664800.0
172266,172266,Chad,2015,Pig,tonnes,2200.0,7.2,2200000.0,15840000.0
172326,172326,Chile,2015,Pig,tonnes,523831.0,7.2,523831000.0,3771583200.0
172386,172386,China,2015,Pig,tonnes,57415740.0,7.2,57415740000.0,413393328000.0
172446,172446,"China, Hong Kong SAR",2015,Pig,tonnes,122354.0,7.2,122354000.0,880948800.0
172506,172506,"China, Macao SAR",2015,Pig,tonnes,7203.0,7.2,7203000.0,51861600.0
172566,172566,"China, mainland",2015,Pig,tonnes,56454000.0,7.2,56454000000.0,406468800000.0
172626,172626,"China, Taiwan Province of",2015,Pig,tonnes,832183.0,7.2,832183000.0,5991717600.0
172686,172686,Colombia,2015,Pig,tonnes,305105.0,7.2,305105000.0,2196756000.0
172746,172746,Congo,2015,Pig,tonnes,1739.0,7.2,1739000.0,12520800.0
172806,172806,Cook Islands,2015,Pig,tonnes,544.0,7.2,544000.0,3916800.0
172866,172866,Costa Rica,2015,Pig,tonnes,57504.0,7.2,57504000.0,414028800.0
172926,172926,Côte d'Ivoire,2015,Pig,tonnes,7788.0,7.2,7788000.0,56073600.0
172955,172955,Croatia,2015,Pig,tonnes,94000.0,7.2,94000000.0,676800000.0
173015,173015,Cuba,2015,Pig,tonnes,204402.0,7.2,204402000.0,1471694400.0
173075,173075,Cyprus,2015,Pig,tonnes,43774.0,7.2,43774000.0,315172800.0
173103,173103,Czechia,2015,Pig,tonnes,237438.0,7.2,237438000.0,1709553600.0
173195,173195,Democratic People's Republic of Korea,2015,Pig,tonnes,113113.0,7.2,113113000.0,814413600.0
173255,173255,Democratic Republic of the Congo,2015,Pig,tonnes,25055.0,7.2,25055000.0,180396000.0
173315,173315,Denmark,2015,Pig,tonnes,1600591.0,7.2,1600591000.0,11524255200.0
173375,173375,Dominica,2015,Pig,tonnes,420.0,7.2,420000.0,3024000.0
173435,173435,Dominican Republic,2015,Pig,tonnes,74152.0,7.2,74152000.0,533894400.0
173495,173495,Ecuador,2015,Pig,tonnes,313763.0,7.2,313763000.0,2259093600.0
173555,173555,Egypt,2015,Pig,tonnes,350.0,7.2,350000.0,2520000.0
173615,173615,El Salvador,2015,Pig,tonnes,7110.0,7.2,7110000.0,51192000.0
173675,173675,Equatorial Guinea,2015,Pig,tonnes,164.0,7.2,164000.0,1180800.0
173704,173704,Estonia,2015,Pig,tonnes,50100.0,7.2,50100000.0,360720000.0
173764,173764,Eswatini,2015,Pig,tonnes,1348.0,7.2,1348000.0,9705600.0
173792,173792,Ethiopia,2015,Pig,tonnes,1999.0,7.2,1999000.0,14392800.0
173884,173884,Fiji,2015,Pig,tonnes,3997.0,7.2,3997000.0,28778400.0
173944,173944,Finland,2015,Pig,tonnes,191990.0,7.2,191990000.0,1382328000.0
174004,174004,France,2015,Pig,tonnes,2148452.0,7.2,2148452000.0,15468854400.0
174110,174110,French Polynesia,2015,Pig,tonnes,1024.0,7.2,1024000.0,7372800.0
174170,174170,Gabon,2015,Pig,tonnes,3509.0,7.2,3509000.0,25264800.0
174230,174230,Gambia,2015,Pig,tonnes,380.0,7.2,380000.0,2736000.0
174259,174259,Georgia,2015,Pig,tonnes,18700.0,7.2,18700000.0,134640000.0
174319,174319,Germany,2015,Pig,tonnes,5570490.0,7.2,5570490000.0,40107528000.0
174379,174379,Ghana,2015,Pig,tonnes,24513.0,7.2,24513000.0,176493600.0
174439,174439,Greece,2015,Pig,tonnes,78066.0,7.2,78066000.0,562075200.0
174499,174499,Grenada,2015,Pig,tonnes,230.0,7.2,230000.0,1656000.0
174605,174605,Guatemala,2015,Pig,tonnes,62985.0,7.2,62985000.0,453492000.0
174665,174665,Guinea,2015,Pig,tonnes,1830.0,7.2,1830000.0,13176000.0
174725,174725,Guinea-Bissau,2015,Pig,tonnes,13987.0,7.2,13987000.0,100706400.0
174785,174785,Guyana,2015,Pig,tonnes,281.0,7.2,281000.0,2023200.0
174845,174845,Haiti,2015,Pig,tonnes,31725.0,7.2,31725000.0,228420000.0
174905,174905,Honduras,2015,Pig,tonnes,12282.0,7.2,12282000.0,88430400.0
174965,174965,Hungary,2015,Pig,tonnes,455088.0,7.2,455088000.0,3276633600.0
175025,175025,Iceland,2015,Pig,tonnes,6806.0,7.2,6806000.0,49003200.0
175085,175085,India,2015,Pig,tonnes,361686.0,7.2,361686000.0,2604139200.0
175145,175145,Indonesia,2015,Pig,tonnes,330213.0,7.2,330213000.0,2377533600.0
175196,175196,Iran (Islamic Republic of),2015,Pig,tonnes,,7.2,,
175256,175256,Ireland,2015,Pig,tonnes,276400.0,7.2,276400000.0,1990080000.0
175316,175316,Israel,2015,Pig,tonnes,15825.0,7.2,15825000.0,113940000.0
175376,175376,Italy,2015,Pig,tonnes,1491414.0,7.2,1491414000.0,10738180800.0
175436,175436,Jamaica,2015,Pig,tonnes,7049.0,7.2,7049000.0,50752800.0
175496,175496,Japan,2015,Pig,tonnes,1254283.0,7.2,1254283000.0,9030837600.0
175525,175525,Kazakhstan,2015,Pig,tonnes,95264.0,7.2,95264000.0,685900800.0
175585,175585,Kenya,2015,Pig,tonnes,26001.0,7.2,26001000.0,187207200.0
175645,175645,Kiribati,2015,Pig,tonnes,979.0,7.2,979000.0,7048800.0
175674,175674,Kyrgyzstan,2015,Pig,tonnes,15397.0,7.2,15397000.0,110858400.0
175734,175734,Lao People's Democratic Republic,2015,Pig,tonnes,73438.0,7.2,73438000.0,528753600.0
175763,175763,Latvia,2015,Pig,tonnes,35940.0,7.2,35940000.0,258768000.0
175823,175823,Lebanon,2015,Pig,tonnes,790.0,7.2,790000.0,5688000.0
175883,175883,Lesotho,2015,Pig,tonnes,1257.0,7.2,1257000.0,9050400.0
175943,175943,Liberia,2015,Pig,tonnes,9770.0,7.2,9770000.0,70344000.0
175972,175972,Lithuania,2015,Pig,tonnes,84314.0,7.2,84314000.0,607060800.0
175993,175993,Luxembourg,2015,Pig,tonnes,12506.0,7.2,12506000.0,90043200.0
176053,176053,Madagascar,2015,Pig,tonnes,24584.0,7.2,24584000.0,177004800.0
176113,176113,Malawi,2015,Pig,tonnes,127292.0,7.2,127292000.0,916502400.0
176173,176173,Malaysia,2015,Pig,tonnes,222598.0,7.2,222598000.0,1602705600.0
176233,176233,Mali,2015,Pig,tonnes,242.0,7.2,242000.0,1742400.0
176293,176293,Malta,2015,Pig,tonnes,5428.0,7.2,5428000.0,39081600.0
176376,176376,Mauritania,2015,Pig,tonnes,0.0,7.2,0.0,0.0
176436,176436,Mauritius,2015,Pig,tonnes,623.0,7.2,623000.0,4485600.0
176496,176496,Mexico,2015,Pig,tonnes,1322529.0,7.2,1322529000.0,9522208800.0
176526,176526,Micronesia (Federated States of),2015,Pig,tonnes,992.0,7.2,992000.0,7142400.0
176586,176586,Mongolia,2015,Pig,tonnes,603.0,7.2,603000.0,4341600.0
176601,176601,Montenegro,2015,Pig,tonnes,3308.0,7.2,3308000.0,23817600.0
176661,176661,Morocco,2015,Pig,tonnes,618.0,7.2,618000.0,4449600.0
176721,176721,Mozambique,2015,Pig,tonnes,112043.0,7.2,112043000.0,806709600.0
176781,176781,Myanmar,2015,Pig,tonnes,863235.0,7.2,863235000.0,6215292000.0
176841,176841,Namibia,2015,Pig,tonnes,5424.0,7.2,5424000.0,39052800.0
176901,176901,Nauru,2015,Pig,tonnes,75.0,7.2,75000.0,540000.0
176961,176961,Nepal,2015,Pig,tonnes,20135.0,7.2,20135000.0,144972000.0
177021,177021,Netherlands,2015,Pig,tonnes,1456220.0,7.2,1456220000.0,10484784000.0
177081,177081,New Caledonia,2015,Pig,tonnes,3981.0,7.2,3981000.0,28663200.0
177141,177141,New Zealand,2015,Pig,tonnes,45632.0,7.2,45632000.0,328550400.0
177201,177201,Nicaragua,2015,Pig,tonnes,10383.0,7.2,10383000.0,74757600.0
177261,177261,Niger,2015,Pig,tonnes,1500.0,7.2,1500000.0,10800000.0
177321,177321,Nigeria,2015,Pig,tonnes,266788.0,7.2,266788000.0,1920873600.0
177381,177381,Niue,2015,Pig,tonnes,64.0,7.2,64000.0,460800.0
177410,177410,North Macedonia,2015,Pig,tonnes,10826.0,7.2,10826000.0,77947200.0
177470,177470,Norway,2015,Pig,tonnes,134669.0,7.2,134669000.0,969616800.0
177530,177530,Panama,2015,Pig,tonnes,35954.0,7.2,35954000.0,258868800.0
177590,177590,Papua New Guinea,2015,Pig,tonnes,76155.0,7.2,76155000.0,548316000.0
177650,177650,Paraguay,2015,Pig,tonnes,35060.0,7.2,35060000.0,252432000.0
177710,177710,Peru,2015,Pig,tonnes,142925.0,7.2,142925000.0,1029060000.0
177770,177770,Philippines,2015,Pig,tonnes,1775712.0,7.2,1775712000.0,12785126400.0
177830,177830,Poland,2015,Pig,tonnes,1976000.0,7.2,1976000000.0,14227200000.0
177890,177890,Portugal,2015,Pig,tonnes,400296.0,7.2,400296000.0,2882131200.0
177950,177950,Puerto Rico,2015,Pig,tonnes,9094.0,7.2,9094000.0,65476800.0
178010,178010,Republic of Korea,2015,Pig,tonnes,1217000.0,7.2,1217000000.0,8762400000.0
178039,178039,Republic of Moldova,2015,Pig,tonnes,71923.0,7.2,71923000.0,517845600.0
178145,178145,Romania,2015,Pig,tonnes,470055.0,7.2,470055000.0,3384396000.0
178174,178174,Russian Federation,2015,Pig,tonnes,3098678.0,7.2,3098678000.0,22310481600.0
178234,178234,Rwanda,2015,Pig,tonnes,13472.0,7.2,13472000.0,96998400.0
178294,178294,Saint Kitts and Nevis,2015,Pig,tonnes,70.0,7.2,70000.0,504000.0
178354,178354,Saint Lucia,2015,Pig,tonnes,628.0,7.2,628000.0,4521600.0
178414,178414,Saint Vincent and the Grenadines,2015,Pig,tonnes,446.0,7.2,446000.0,3211200.0
178474,178474,Samoa,2015,Pig,tonnes,2660.0,7.2,2660000.0,19152000.0
178534,178534,Sao Tome and Principe,2015,Pig,tonnes,431.0,7.2,431000.0,3103200.0
178594,178594,Senegal,2015,Pig,tonnes,15003.0,7.2,15003000.0,108021600.0
178609,178609,Serbia,2015,Pig,tonnes,287801.0,7.2,287801000.0,2072167200.0
178683,178683,Seychelles,2015,Pig,tonnes,458.0,7.2,458000.0,3297600.0
178743,178743,Sierra Leone,2015,Pig,tonnes,2523.0,7.2,2523000.0,18165600.0
178803,178803,Singapore,2015,Pig,tonnes,21341.0,7.2,21341000.0,153655200.0
178831,178831,Slovakia,2015,Pig,tonnes,52397.0,7.2,52397000.0,377258400.0
178860,178860,Slovenia,2015,Pig,tonnes,27317.0,7.2,27317000.0,196682400.0
178920,178920,Solomon Islands,2015,Pig,tonnes,2506.0,7.2,2506000.0,18043200.0
178980,178980,Somalia,2015,Pig,tonnes,104.0,7.2,104000.0,748800.0
179040,179040,South Africa,2015,Pig,tonnes,237387.0,7.2,237387000.0,1709186400.0
179100,179100,Spain,2015,Pig,tonnes,3854658.0,7.2,3854658000.0,27753537600.0
179160,179160,Sri Lanka,2015,Pig,tonnes,1694.0,7.2,1694000.0,12196800.0
179220,179220,Suriname,2015,Pig,tonnes,2231.0,7.2,2231000.0,16063200.0
179280,179280,Sweden,2015,Pig,tonnes,233500.0,7.2,233500000.0,1681200000.0
179340,179340,Switzerland,2015,Pig,tonnes,241394.0,7.2,241394000.0,1738036800.0
179369,179369,Tajikistan,2015,Pig,tonnes,3630.0,7.2,3630000.0,26136000.0
179429,179429,Thailand,2015,Pig,tonnes,936356.0,7.2,936356000.0,6741763200.0
179489,179489,Timor-Leste,2015,Pig,tonnes,11393.0,7.2,11393000.0,82029600.0
179549,179549,Togo,2015,Pig,tonnes,15913.0,7.2,15913000.0,114573600.0
179609,179609,Tokelau,2015,Pig,tonnes,19.0,7.2,19000.0,136800.0
179669,179669,Tonga,2015,Pig,tonnes,1709.0,7.2,1709000.0,12304800.0
179729,179729,Trinidad and Tobago,2015,Pig,tonnes,2072.0,7.2,2072000.0,14918400.0
179789,179789,Tunisia,2015,Pig,tonnes,150.0,7.2,150000.0,1080000.0
179849,179849,Türkiye,2015,Pig,tonnes,,7.2,,
179878,179878,Turkmenistan,2015,Pig,tonnes,224.0,7.2,224000.0,1612800.0
179938,179938,Tuvalu,2015,Pig,tonnes,121.0,7.2,121000.0,871200.0
179998,179998,Uganda,2015,Pig,tonnes,118786.0,7.2,118786000.0,855259200.0
180027,180027,Ukraine,2015,Pig,tonnes,759700.0,7.2,759700000.0,5469840000.0
180087,180087,United Kingdom of Great Britain and Northern Ireland,2015,Pig,tonnes,900000.0,7.2,900000000.0,6480000000.0
180147,180147,United Republic of Tanzania,2015,Pig,tonnes,14574.0,7.2,14574000.0,104932800.0
180207,180207,United States of America,2015,Pig,tonnes,11120748.0,7.2,11120748000.0,80069385600.0
180267,180267,Uruguay,2015,Pig,tonnes,14211.0,7.2,14211000.0,102319200.0
180327,180327,Uzbekistan,2015,Pig,tonnes,40000.0,7.2,40000000.0,288000000.0
180387,180387,Vanuatu,2015,Pig,tonnes,3445.0,7.2,3445000.0,24804000.0
180447,180447,Venezuela (Bolivarian Republic of),2015,Pig,tonnes,186040.0,7.2,186040000.0,1339488000.0
180507,180507,Viet Nam,2015,Pig,tonnes,3491600.0,7.2,3491600000.0,25139520000.0
180598,180598,Zambia,2015,Pig,tonnes,26600.0,7.2,26600000.0,191520000.0
180658,180658,Zimbabwe,2015,Pig,tonnes,21959.0,7.2,21959000.0,158104800.0
180718,180718,World,2015,Pig,tonnes,119320818.0,7.2,119320818000.0,859109889600.0
180778,180778,Africa,2015,Pig,tonnes,1349351.0,7.2,1349351000.0,9715327200.0
180838,180838,Eastern Africa,2015,Pig,tonnes,495865.0,7.2,495865000.0,3570228000.0
180898,180898,Middle Africa,2015,Pig,tonnes,196070.0,7.2,196070000.0,1411704000.0
180958,180958,Northern Africa,2015,Pig,tonnes,1234.0,7.2,1234000.0,8884800.0
181018,181018,Southern Africa,2015,Pig,tonnes,245992.0,7.2,245992000.0,1771142400.0
181078,181078,Western Africa,2015,Pig,tonnes,410190.0,7.2,410190000.0,2953368000.0
181138,181138,Americas,2015,Pig,tonnes,20560064.0,7.2,20560064000.0,148032460800.0
181198,181198,Northern America,2015,Pig,tonnes,13184888.0,7.2,13184888000.0,94931193600.0
181258,181258,Central America,2015,Pig,tonnes,1510382.0,7.2,1510382000.0,10874750400.0
181318,181318,Caribbean,2015,Pig,tonnes,333548.0,7.2,333548000.0,2401545600.0
181378,181378,South America,2015,Pig,tonnes,5531246.0,7.2,5531246000.0,39824971200.0
181438,181438,Asia,2015,Pig,tonnes,68474327.0,7.2,68474327000.0,493015154400.0
181467,181467,Central Asia,2015,Pig,tonnes,154515.0,7.2,154515000.0,1112508000.0
181527,181527,Eastern Asia,2015,Pig,tonnes,60000739.0,7.2,60000739000.0,432005320800.0
181587,181587,Southern Asia,2015,Pig,tonnes,384219.0,7.2,384219000.0,2766376800.0
181647,181647,South-eastern Asia,2015,Pig,tonnes,7837556.0,7.2,7837556000.0,56430403200.0
181707,181707,Western Asia,2015,Pig,tonnes,97298.0,7.2,97298000.0,700545600.0
181767,181767,Europe,2015,Pig,tonnes,28422010.0,7.2,28422010000.0,204638472000.0
181827,181827,Eastern Europe,2015,Pig,tonnes,7552138.0,7.2,7552138000.0,54375393600.0
181887,181887,Northern Europe,2015,Pig,tonnes,3514310.0,7.2,3514310000.0,25303032000.0
181947,181947,Southern Europe,2015,Pig,tonnes,6273072.0,7.2,6273072000.0,45166118400.0
182007,182007,Western Europe,2015,Pig,tonnes,11082490.0,7.2,11082490000.0,79793928000.0
182067,182067,Oceania,2015,Pig,tonnes,515066.0,7.2,515066000.0,3708475200.0
182127,182127,Australia and New Zealand,2015,Pig,tonnes,416795.0,7.2,416795000.0,3000924000.0
182187,182187,Melanesia,2015,Pig,tonnes,90084.0,7.2,90084000.0,648604800.0
182247,182247,Micronesia,2015,Pig,tonnes,2046.0,7.2,2046000.0,14731200.0
182307,182307,Polynesia,2015,Pig,tonnes,6141.0,7.2,6141000.0,44215200.0
182367,182367,European Union (27),2015,Pig,tonnes,22569121.0,7.2,22569121000.0,162497671200.0
182427,182427,Least Developed Countries,2015,Pig,tonnes,1833857.0,7.2,1833857000.0,13203770400.0
182487,182487,Land Locked Developing Countries,2015,Pig,tonnes,862531.0,7.2,862531000.0,6210223200.0
182547,182547,Small Island Developing States,2015,Pig,tonnes,487201.0,7.2,487201000.0,3507847200.0
182607,182607,Low Income Food Deficit Countries,2015,Pig,tonnes,4779692.0,7.2,4779692000.0,34413782400.0
182667,182667,Net Food Importing Developing Countries,2015,Pig,tonnes,2523281.0,7.2,2523281000.0,18167623200.0
